32 32 256
256 256 257
101 32 258
116 104 259
116 32 260
257 32 261
115 32 262
44 32 263
100 32 264
111 117 265
101 114 266
105 110 267
97 110 268
46 32 269
121 32 270
256 32 271
111 114 272
111 32 273
101 110 274
97 114 275
108 108 276
111 110 277
32 259 278
257 257 279
104 97 280
105 262 281
101 115 282
121 265 283
268 264 284
73 32 285
46 271 286
111 102 287
44 261 288
101 97 289
276 32 290
116 273 291
111 119 292
119 105 293
266 32 294
267 103 295
111 109 296
114 32 297
115 116 298
32 109 299
259 258 300
99 104 301
32 104 302
110 111 303
118 258 304
115 101 305
84 104 306
102 272 307
97 32 308
114 101 309
278 258 310
108 105 311
97 260 312
101 263 313
287 32 314
279 279 315
259 32 316
105 109 317
46 261 318
115 104 319
111 111 320
105 116 321
97 116 322
101 275 323
103 104 324
65 110 325
59 32 326
115 260 327
108 101 328
114 105 329
114 97 330
303 260 331
283 32 332
295 32 333
109 270 334
101 101 335
39 262 336
325 264 337
97 109 338
117 110 339
108 264 340
267 32 341
117 260 342
280 260 343
97 262 344
98 101 345
119 104 346
115 105 347
274 32 348
97 108 349
69 82 350
100 105 351
59 261 352
101 262 353
117 114 354
39 264 355
105 260 356
108 97 357
98 258 358
283 297 359
115 263 360
265 32 361
114 111 362
266 258 363
107 258 364
65 78 365
259 101 366
109 97 367
99 101 368
100 263 369
268 32 370
115 258 371
83 269 372
121 263 373
63 271 374
87 104 375
73 78 376
274 116 377
69 78 378
280 304 379
108 111 380
301 32 381
99 296 382
259 312 383
107 32 384
65 82 385
292 32 386
99 258 387
102 97 388
79 82 389
79 78 390
277 32 391
272 32 392
100 101 393
257 271 394
102 32 395
105 114 396
114 289 397
265 297 398
115 280 399
115 112 400
265 340 401
115 97 402
115 117 403
259 266 404
69 32 405
108 258 406
306 258 407
293 290 408
116 263 409
293 259 410
293 316 411
101 264 412
83 84 413
116 105 414
109 258 415
114 117 416
119 272 417
101 108 418
299 270 419
278 101 420
275 258 421
104 317 422
105 115 423
116 97 424
118 266 425
257 256 426
111 108 427
110 32 428
98 342 429
104 258 430
261 84 431
83 32 432
33 32 433
104 281 434
116 266 435
105 324 436
105 297 437
263 284 438
116 294 439
268 100 440
99 107 441
85 372 442
109 101 443
107 110 444
105 108 445
307 32 446
101 276 447
68 32 448
119 97 449
84 72 450
320 264 451
114 296 452
101 260 453
99 277 454
117 112 455
265 110 456
108 270 457
100 111 458
115 273 459
399 290 460
98 270 461
63 32 462
265 114 463
118 101 464
269 285 465
100 273 466
114 282 467
46 315 468
288 337 469
65 76 470
110 101 471
97 103 472
305 108 473
108 272 474
266 101 475
97 276 476
116 111 477
302 281 478
265 324 479
269 87 480
117 115 481
79 76 482
69 110 483
259 361 484
259 294 485
97 267 486
109 272 487
119 258 488
278 312 489
112 111 490
69 76 491
269 65 492
113 117 493
259 281 494
67 72 495
116 101 496
97 290 497
110 273 498
274 100 499
118 105 500
39 290 501
269 72 502
66 342 503
102 452 504
277 103 505
39 100 506
98 108 507
269 83 508
109 117 509
39 32 510
278 281 511
98 111 512
109 111 513
104 323 514
269 73 515
259 270 516
82 79 517
69 120 518
108 289 519
277 258 520
101 116 521
117 262 522
269 306 523
97 115 524
101 261 525
33 271 526
282 260 527
117 108 528
69 83 529
109 268 530
109 32 531
274 260 532
302 317 533
119 343 534
115 111 535
84 73 536
102 105 537
119 344 538
114 268 539
103 451 540
282 262 541
100 97 542
97 112 543
119 401 544
103 105 545
346 105 546
76 79 547
115 261 548
76 69 549
338 32 550
116 261 551
347 114 552
101 99 553
296 258 554
33 261 555
115 119 556
97 100 557
112 275 558
118 294 559
63 261 560
82 73 561
376 71 562
269 78 563
83 73 564
483 439 565
67 79 566
114 292 567
112 266 568
422 32 569
116 416 570
282 116 571
265 262 572
84 273 573
431 273 574
100 262 575
73 65 576
286 80 577
103 111 578
278 270 579
77 270 580
87 105 581
267 258 582
79 70 583
112 362 584
111 112 585
265 260 586
311 364 587
119 101 588
286 67 589
44 271 590
104 294 591
99 105 592
115 288 593
319 258 594
322 105 595
100 289 596
267 310 597
121 261 598
119 275 599
474 100 600
326 284 601
291 300 602
269 79 603
444 292 604
98 406 605
101 100 606
75 562 607
323 32 608
39 116 609
97 99 610
583 32 611
117 116 612
73 67 613
101 121 614
104 289 615
302 258 616
115 277 617
111 263 618
84 32 619
267 100 620
112 32 621
84 343 622
116 317 623
265 108 624
73 79 625
117 109 626
73 501 627
100 258 628
287 310 629
389 32 630
119 363 631
101 288 632
116 262 633
89 32 634
269 375 635
83 69 636
118 274 637
84 69 638
328 260 639
101 286 640
319 401 641
115 99 642
269 89 643
112 357 644
282 115 645
431 343 646
101 109 647
268 103 648
110 292 649
263 285 650
280 316 651
119 447 652
101 120 653
382 258 654
274 264 655
85 67 656
99 97 657
73 76 658
99 268 659
320 100 660
65 262 661
282 263 662
351 264 663
473 102 664
425 270 665
307 258 666
349 32 667
282 258 668
366 258 669
97 299 670
97 98 671
114 267 672
105 276 673
105 264 674
367 364 675
111 340 676
400 289 677
487 258 678
46 256 679
280 264 680
45 32 681
111 371 682
286 66 683
100 266 684
84 82 685
269 66 686
99 313 687
366 270 688
104 266 689
70 392 690
298 266 691
102 329 692
105 395 693
354 258 694
65 32 695
103 258 696
380 304 697
285 379 698
352 337 699
114 270 700
283 263 701
269 71 702
269 407 703
105 100 704
436 116 705
102 102 706
77 97 707
403 381 708
116 116 709
115 554 710
267 264 711
285 550 712
103 117 713
112 330 714
77 65 715
103 397 716
102 528 717
365 84 718
436 260 719
68 73 720
518 101 721
278 361 722
472 486 723
100 282 724
277 101 725
73 82 726
299 258 727
265 115 728
546 381 729
302 294 730
721 339 731
320 107 732
118 353 733
269 67 734
117 324 735
292 110 736
385 68 737
305 258 738
115 266 739
103 101 740
375 105 741
112 329 742
455 277 743
338 258 744
545 304 745
103 330 746
87 343 747
98 362 748
402 270 749
98 97 750
424 364 751
70 272 752
311 102 753
420 437 754
100 261 755
72 97 756
335 260 757
105 102 758
285 408 759
112 97 760
103 377 761
367 270 762
45 261 763
102 108 764
104 277 765
118 348 766
44 394 767
69 432 768
292 428 769
509 327 770
46 279 771
267 107 772
607 32 773
468 315 774
66 85 775
269 76 776
274 368 777
69 77 778
99 384 779
414 277 780
268 270 781
299 101 782
121 286 783
83 72 784
73 442 785
468 279 786
73 432 787
121 453 788
345 116 789
303 116 790
299 97 791
366 437 792
68 85 793
76 65 794
280 116 795
504 32 796
116 119 797
32 284 798
110 386 799
80 517 800
274 263 801
121 288 802
112 467 803
109 275 804
39 327 805
102 320 806
275 100 807
376 67 808
103 273 809
105 290 810
66 350 811
322 258 812
274 387 813
313 284 814
102 111 815
259 479 816
80 72 817
360 284 818
101 336 819
98 397 820
99 370 821
105 103 822
287 102 823
513 327 824
99 456 825
473 395 826
109 105 827
72 258 828
286 70 829
108 32 830
480 343 831
588 290 832
263 334 833
39 84 834
262 284 835
262 314 836
283 114 837
471 559 838
107 295 839
116 412 840
98 114 841
268 260 842
75 295 843
112 309 844
259 265 845
293 276 846
99 111 847
71 111 848
69 67 849
85 83 850
319 32 851
354 110 852
257 261 853
112 519 854
269 77 855
275 109 856
97 449 857
117 371 858
112 289 859
275 260 860
298 97 861
98 117 862
268 116 863
112 112 864
70 70 865
566 77 866
119 32 867
692 499 868
79 32 869
380 464 870
98 266 871
115 286 872
320 384 873
388 404 874
111 485 875
82 296 876
380 118 877
102 396 878
365 68 879
382 109 880
112 104 881
363 281 882
716 260 883
69 68 884
269 80 885
321 105 886
67 73 887
335 112 888
89 361 889
119 296 890
319 105 891
389 68 892
291 358 893
306 281 894
272 258 895
609 281 896
269 68 897
111 39 898
65 77 899
552 263 900
58 261 901
259 263 902
98 289 903
269 337 904
115 318 905
98 330 906
76 89 907
259 333 908
357 100 909
474 369 910
477 273 911
65 66 912
106 117 913
119 114 914
269 70 915
444 386 916
73 395 917
81 85 918
717 32 919
326 429 920
335 100 921
116 117 922
85 84 923
116 339 924
116 330 925
101 112 926
76 272 927
87 78 928
259 295 929
79 450 930
104 440 931
97 102 932
413 561 933
99 108 934
346 348 935
365 448 936
115 417 937
286 72 938
296 313 939
66 634 940
328 116 941
98 323 942
287 299 943
80 350 944
366 531 945
269 580 946
111 260 947
385 405 948
70 630 949
105 101 950
261 79 951
93 32 952
77 350 953
638 448 954
116 329 955
427 100 956
566 80 957
720 933 958
958 775 959
99 280 960
73 83 961
98 328 962
67 378 963
97 373 964
456 264 965
272 110 966
121 318 967
659 331 968
109 370 969
262 291 970
65 71 971
100 117 972
108 505 973
102 117 974
109 112 975
276 292 976
581 316 977
288 83 978
39 369 979
420 270 980
269 84 981
267 384 982
287 419 983
101 318 984
85 82 985
834 281 986
268 369 987
99 463 988
261 407 989
533 32 990
382 112 991
413 32 992
261 73 993
293 102 994
458 316 995
69 84 996
741 381 997
261 83 998
298 294 999
301 275 1000
275 32 1001
595 277 1002
82 101 1003
963 405 1004
259 322 1005
111 327 1006
266 262 1007
111 404 1008
101 270 1009
726 992 1010
351 115 1011
275 101 1012
496 290 1013
108 440 1014
296 32 1015
116 114 1016
324 116 1017
104 363 1018
311 101 1019
101 559 1020
677 107 1021
68 117 1022
67 97 1023
315 279 1024
286 77 1025
261 337 1026
69 413 1027
309 116 1028
112 354 1029
108 541 1030
102 323 1031
58 32 1032
268 387 1033
265 116 1034
324 260 1035
112 114 1036
106 111 1037
366 109 1038
278 510 1039
298 114 1040
402 121 1041
475 336 1042
99 282 1043
299 117 1044
288 375 1045
393 264 1046
75 69 1047
99 117 1048
596 259 1049
105 319 1050
302 266 1051
109 313 1052
100 338 1053
329 101 1054
677 384 1055
115 624 1056
280 409 1057
80 69 1058
66 270 1059
623 258 1060
556 757 1061
259 335 1062
107 353 1063
115 267 1064
305 101 1065
109 274 1066
424 267 1067
83 350 1068
269 503 1069
105 304 1070
420 258 1071
309 264 1072
116 272 1073
100 294 1074
118 111 1075
116 270 1076
67 65 1077
507 660 1078
46 257 1079
303 605 1080
388 437 1081
456 100 1082
1068 86 1083
518 321 1084
101 119 1085
100 277 1086
77 275 1087
46 394 1088
346 363 1089
110 541 1090
286 71 1091
115 289 1092
432 611 1093
658 76 1094
797 273 1095
259 348 1096
509 381 1097
67 390 1098
72 386 1099
410 310 1100
281 300 1101
502 258 1102
73 278 1103
259 370 1104
492 32 1105
643 361 1106
761 328 1107
41 32 1108
109 377 1109
542 121 1110
382 353 1111
306 361 1112
104 101 1113
39 260 1114
335 264 1115
115 391 1116
107 101 1117
302 289 1118
75 333 1119
116 320 1120
278 668 1121
567 110 1122
99 354 1123
110 705 1124
346 274 1125
108 260 1126
103 32 1127
99 401 1128
100 103 1129
277 310 1130
79 263 1131
109 277 1132
79 297 1133
321 258 1134
285 466 1135
117 101 1136
109 266 1137
115 296 1138
483 103 1139
256 565 1140
32 611 1141
267 419 1142
291 334 1143
476 310 1144
108 732 1145
345 348 1146
286 76 1147
420 109 1148
322 116 1149
73 66 1150
356 281 1151
479 32 1152
275 264 1153
108 121 1154
287 478 1155
259 274 1156
118 282 1157
110 322 1158
927 264 1159
109 267 1160
309 258 1161
367 628 1162
116 505 1163
115 272 1164
73 73 1165
44 426 1166
108 265 1167
103 97 1168
280 327 1169
73 260 1170
334 600 1171
65 67 1172
376 69 1173
259 268 1174
46 426 1175
109 322 1176
404 101 1177
822 110 1178
318 83 1179
117 360 1180
103 114 1181
104 105 1182
479 260 1183
259 363 1184
295 263 1185
82 89 1186
99 275 1187
74 111 1188
85 495 1189
414 391 1190
311 709 1191
265 305 1192
114 258 1193
104 111 1194
389 75 1195
1027 350 1196
321 270 1197
795 336 1198
112 105 1199
278 335 1200
76 453 1201
288 622 1202
104 386 1203
542 735 1204
269 91 1205
292 263 1206
471 119 1207
97 311 1208
581 259 1209
397 100 1210
112 272 1211
118 445 1212
347 277 1213
85 110 1214
918 69 1215
536 77 1216
718 390 1217
104 475 1218
259 668 1219
70 539 1220
345 103 1221
71 32 1222
514 116 1223
635 373 1224
87 258 1225
283 110 1226
262 300 1227
490 115 1228
603 263 1229
112 101 1230
492 373 1231
346 273 1232
110 392 1233
102 447 1234
470 32 1235
280 290 1236
115 328 1237
117 297 1238
413 65 1239
542 270 1240
335 621 1241
267 478 1242
108 117 1243
112 524 1244
121 664 1245
268 556 1246
112 292 1247
73 365 1248
636 1098 1249
748 404 1250
376 405 1251
390 613 1252
345 666 1253
1249 448 1254
100 330 1255
519 304 1256
321 263 1257
460 358 1258
116 349 1259
83 470 1260
86 73 1261
298 467 1262
455 391 1263
89 398 1264
57 57 1265
266 263 1266
82 69 1267
405 87 1268
345 333 1269
564 390 1270
303 409 1271
49 1265 1272
263 936 1273
73 768 1274
101 665 1275
491 849 1276
1276 685 1277
1277 1252 1278
1278 32 1279
957 1274 1280
1108 948 1281
866 953 1282
1282 887 1283
68 79 1284
959 954 1285
85 636 1286
378 84 1287
714 270 1288
731 260 1289
347 393 1290
267 116 1291
261 306 1292
259 772 1293
116 277 1294
45 271 1295
80 672 1296
100 327 1297
443 268 1298
547 656 1299
1299 1196 1300
298 105 1301
298 284 1302
72 281 1303
115 352 1304
99 476 1305
93 256 1306
403 309 1307
411 308 1308
285 544 1309
108 873 1310
723 327 1311
102 101 1312
109 582 1313
455 32 1314
100 736 1315
99 266 1316
73 428 1317
518 356 1318
288 573 1319
115 427 1320
1023 282 1321
263 300 1322
99 272 1323
307 924 1324
119 289 1325
115 326 1326
73 262 1327
115 694 1328
102 711 1329
477 45 1330
112 342 1331
490 392 1332
103 660 1333
461 300 1334
307 310 1335
454 116 1336
515 260 1337
806 108 1338
44 279 1339
110 338 1340
417 108 1341
115 357 1342
268 368 1343
367 691 1344
1215 378 1345
73 110 1346
118 396 1347
369 284 1348
98 282 1349
314 359 1350
417 100 1351
305 260 1352
815 976 1353
99 380 1354
65 84 1355
440 261 1356
423 261 1357
71 79 1358
339 684 1359
848 264 1360
493 105 1361
388 396 1362
100 274 1363
322 101 1364
274 101 1365
100 114 1366
332 421 1367
388 105 1368
305 263 1369
109 348 1370
1163 117 1371
109 98 1372
570 258 1373
66 101 1374
502 386 1375
103 1054 1376
104 272 1377
400 111 1378
500 276 1379
495 385 1380
332 379 1381
793 1047 1382
305 264 1383
278 268 1384
504 310 1385
288 306 1386
274 103 1387
288 407 1388
85 78 1389
121 336 1390
277 263 1391
314 308 1392
77 385 1393
97 261 1394
523 281 1395
515 395 1396
546 301 1397
373 284 1398
319 292 1399
278 370 1400
322 301 1401
341 308 1402
118 355 1403
286 773 1404
278 322 1405
67 69 1406
98 268 1407
93 271 1408
587 308 1409
282 261 1410
613 75 1411
403 98 1412
1191 406 1413
72 378 1414
420 531 1415
65 83 1416
475 666 1417
104 676 1418
97 302 1419
111 425 1420
85 77 1421
449 270 1422
375 348 1423
81 1136 1424
1239 865 1425
346 682 1426
914 505 1427
104 585 1428
105 360 1429
595 391 1430
1022 364 1431
553 260 1432
118 313 1433
287 511 1434
335 108 1435
325 369 1436
267 511 1437
481 98 1438
418 270 1439
454 102 1440
262 421 1441
100 265 1442
114 373 1443
83 378 1444
649 263 1445
447 263 1446
482 549 1447
514 260 1448
79 80 1449
266 115 1450
318 306 1451
102 260 1452
86 350 1453
83 273 1454
102 349 1455
79 413 1456
389 76 1457
116 274 1458
117 309 1459
789 439 1460
449 121 1461
388 485 1462
59 278 1463
470 1425 1464
756 304 1465
603 32 1466
298 539 1467
352 503 1468
298 263 1469
472 258 1470
65 413 1471
71 330 1472
679 91 1473
259 510 1474
103 275 1475
328 262 1476
116 447 1477
1414 1186 1478
261 661 1479
280 259 1480
1188 104 1481
305 262 1482
107 263 1483
267 291 1484
543 112 1485
890 268 1486
39 114 1487
558 260 1488
414 290 1489
69 100 1490
105 371 1491
362 121 1492
366 313 1493
561 495 1494
708 308 1495
280 864 1496
111 98 1497
65 68 1498
261 65 1499
117 409 1500
85 112 1501
108 275 1502
39 294 1503
293 116 1504
974 290 1505
374 66 1506
298 330 1507
103 309 1508
302 323 1509
76 892 1510
83 437 1511
110 645 1512
553 116 1513
117 100 1514
112 349 1515
731 551 1516
450 405 1517
491 547 1518
281 331 1519
106 571 1520
59 394 1521
393 311 1522
326 446 1523
563 964 1524
70 1010 1525
374 80 1526
66 258 1527
73 102 1528
1044 327 1529
101 290 1530
118 333 1531
295 262 1532
441 263 1533
734 939 1534
286 83 1535
98 527 1536
104 292 1537
103 274 1538
309 443 1539
592 572 1540
116 323 1541
326 285 1542
702 451 1543
1347 922 1544
107 333 1545
110 744 1546
328 264 1547
374 67 1548
776 453 1549
512 100 1550
104 418 1551
114 274 1552
105 485 1553
299 313 1554
100 288 1555
367 1053 1556
302 277 1557
112 672 1558
615 637 1559
878 327 1560
79 395 1561
119 277 1562
298 440 1563
400 396 1564
104 1192 1565
76 85 1566
116 121 1567
267 101 1568
98 275 1569
1012 652 1570
765 463 1571
79 66 1572
69 450 1573
409 284 1574
335 116 1575
280 108 1576
68 350 1577
307 109 1578
101 425 1579
761 406 1580
118 268 1581
115 274 1582
397 617 1583
119 418 1584
77 365 1585
753 258 1586
99 497 1587
109 423 1588
298 329 1589
100 336 1590
458 327 1591
375 273 1592
435 263 1593
1320 351 1594
325 1294 1595
357 119 1596
581 290 1597
114 386 1598
791 270 1599
382 313 1600
103 110 1601
269 986 1602
383 285 1603
115 107 1604
291 359 1605
115 355 1606
1494 737 1607
281 308 1608
496 975 1609
282 288 1610
891 112 1611
303 908 1612
341 359 1613
65 85 1614
99 353 1615
614 353 1616
99 543 1617
82 923 1618
558 116 1619
99 309 1620
98 674 1621
515 501 1622
109 719 1623
557 258 1624
104 427 1625
524 347 1626
287 261 1627
563 618 1628
121 826 1629
115 354 1630
76 656 1631
368 105 1632
388 276 1633
465 550 1634
377 294 1635
104 275 1636
530 270 1637
104 1438 1638
107 888 1639
599 264 1640
382 101 1641
100 520 1642
311 304 1643
82 111 1644
46 39 1645
1321 275 1646
312 300 1647
298 416 1648
83 1004 1649
68 69 1650
115 339 1651
306 1009 1652
98 354 1653
284 300 1654
112 595 1655
98 481 1656
280 262 1657
87 1094 1658
103 486 1659
352 690 1660
1658 576 1661
1661 77 1662
70 452 1663
286 68 1664
83 390 1665
73 80 1666
596 100 1667
99 1122 1668
365 625 1669
265 301 1670
280 464 1671
108 373 1672
523 361 1673
347 391 1674
115 532 1675
547 928 1676
715 67 1677
71 72 1678
728 284 1679
477 261 1680
69 817 1681
76 105 1682
117 305 1683
396 258 1684
82 808 1685
301 445 1686
301 648 1687
399 276 1688
508 273 1689
517 1260 1690
103 453 1691
287 278 1692
269 573 1693
408 331 1694
89 263 1695
100 275 1696
506 261 1697
65 450 1698
99 32 1699
298 810 1700
100 608 1701
114 339 1702
73 261 1703
262 383 1704
590 337 1705
321 121 1706
309 101 1707
116 852 1708
68 273 1709
507 451 1710
291 434 1711
639 415 1712
971 69 1713
259 423 1714
1618 442 1715
417 340 1716
59 310 1717
115 295 1718
307 419 1719
833 600 1720
315 315 1721
80 362 1722
79 985 1723
67 939 1724
671 586 1725
98 277 1726
267 263 1727
829 1010 1728
1083 718 1729
388 528 1730
512 316 1731
774 279 1732
114 121 1733
399 1126 1734
78 273 1735
529 372 1736
707 999 1737
72 338 1738
299 895 1739
82 105 1740
100 100 1741
509 301 1742
1379 486 1743
930 1518 1744
97 341 1745
973 32 1746
97 301 1747
344 285 1748
120 260 1749
82 32 1750
274 687 1751
393 1212 1752
876 101 1753
351 642 1754
1040 505 1755
72 266 1756
71 1300 1757
576 1358 1758
615 100 1759
1234 292 1760
446 308 1761
119 323 1762
107 423 1763
564 1750 1764
73 86 1765
102 354 1766
259 522 1767
288 661 1768
739 500 1769
288 65 1770
1204 435 1771
115 433 1772
112 108 1773
539 260 1774
110 520 1775
97 278 1776
318 285 1777
1226 1127 1778
430 281 1779
346 475 1780
289 108 1781
99 330 1782
76 97 1783
269 622 1784
283 261 1785
654 291 1786
1217 89 1787
110 719 1788
104 626 1789
854 371 1790
941 435 1791
408 358 1792
99 260 1793
78 947 1794
477 740 1795
857 270 1796
104 648 1797
99 744 1798
111 97 1799
508 396 1800
80 549 1801
99 116 1802
277 387 1803
105 39 1804
78 79 1805
76 390 1806
119 111 1807
480 258 1808
375 373 1809
105 111 1810
77 79 1811
97 605 1812
365 536 1813
258 314 1814
424 341 1815
344 300 1816
513 404 1817
68 111 1818
107 620 1819
1442 98 1820
89 1195 1821
116 348 1822
472 101 1823
362 115 1824
267 105 1825
89 82 1826
87 385 1827
614 282 1828
329 1035 1829
73 450 1830
104 263 1831
100 323 1832
410 586 1833
121 323 1834
482 75 1835
98 357 1836
535 263 1837
951 395 1838
355 291 1839
1345 32 1840
109 532 1841
354 428 1842
1255 119 1843
299 582 1844
307 259 1845
657 858 1846
119 322 1847
693 332 1848
418 371 1849
305 647 1850
352 306 1851
287 537 1852
118 377 1853
321 272 1854
65 1290 1855
335 381 1856
502 97 1857
314 398 1858
288 285 1859
259 982 1860
420 261 1861
339 100 1862
116 333 1863
724 266 1864
98 272 1865
97 364 1866
465 379 1867
89 453 1868
100 397 1869
410 533 1870
366 261 1871
536 390 1872
107 673 1873
375 270 1874
335 575 1875
99 357 1876
99 780 1877
1003 45 1878
923 378 1879
76 405 1880
514 32 1881
115 469 1882
286 65 1883
332 460 1884
1564 321 1885
458 353 1886
444 97 1887
816 32 1888
857 121 1889
496 100 1890
99 728 1891
685 65 1892
739 118 1893
418 32 1894
112 486 1895
110 97 1896
112 452 1897
1237 926 1898
670 268 1899
326 307 1900
549 1449 1901
87 1411 1902
445 32 1903
109 871 1904
108 284 1905
1901 65 1906
270 284 1907
59 271 1908
357 270 1909
65 75 1910
263 308 1911
400 105 1912
1906 1892 1913
1827 1902 1914
112 274 1915
78 392 1916
115 510 1917
101 766 1918
267 261 1919
686 270 1920
1662 32 1921
376 79 1922
930 350 1923
104 463 1924
79 110 1925
1538 266 1926
116 309 1927
410 478 1928
382 307 1929
387 314 1930
731 116 1931
71 350 1932
1216 390 1933
351 400 1934
898 266 1935
104 284 1936
323 259 1937
105 404 1938
288 503 1939
282 360 1940
97 706 1941
1656 267 1942
480 1446 1943
944 1665 1944
827 1262 1945
295 310 1946
259 114 1947
323 110 1948
514 264 1949
1064 387 1950
375 363 1951
596 316 1952
100 769 1953
487 567 1954
334 910 1955
515 102 1956
89 272 1957
75 1698 1958
432 1944 1959
886 277 1960
417 264 1961
103 357 1962
298 673 1963
298 275 1964
311 112 1965
1220 368 1966
374 77 1967
523 348 1968
1878 1635 1969
644 368 1970
107 262 1971
99 274 1972
68 778 1973
742 617 1974
102 608 1975
487 101 1976
402 102 1977
1287 549 1978
389 73 1979
303 929 1980
84 65 1981
480 1057 1982
619 611 1983
466 331 1984
78 386 1985
102 289 1986
422 263 1987
1029 490 1988
850 405 1989
114 295 1990
329 412 1991
319 272 1992
107 1241 1993
101 501 1994
715 495 1995
65 432 1996
450 65 1997
79 102 1998
103 567 1999
741 301 2000
1075 105 2001
638 88 2002
287 579 2003
750 441 2004
345 1019 2005
104 436 2006
291 308 2007
512 259 2008
498 678 2009
111 116 2010
102 624 2011
991 268 2012
83 1826 2013
2013 1172 2014
1036 265 2015
66 79 2016
70 892 2017
268 99 2018
119 267 2019
105 305 2020
77 117 2021
119 624 2022
99 427 2023
1172 619 2024
107 313 2025
266 313 2026
748 485 2027
803 377 2028
450 787 2029
1141 1517 2030
268 875 2031
367 1063 2032
84 378 2033
76 117 2034
72 274 2035
1805 619 2036
613 405 2037
784 1666 2038
68 105 2039
351 101 2040
98 608 2041
1084 271 2042
286 1254 2043
1230 585 2044
67 1626 2045
69 2002 2046
912 1880 2047
73 954 2048
68 768 2049
98 321 2050
903 612 2051
1659 327 2052
529 1444 2053
2053 1932 2054
1481 110 2055
866 1801 2056
2056 84 2057
784 1910 2058
2058 529 2059
2059 1058 2060
2060 948 2061
619 71 2062
1830 32 2063
715 634 2064
1189 32 2065
40 50 2066
1872 32 2067
808 1566 2068
1380 71 2069
2069 768 2070
405 630 2071
388 368 2072
79 1238 2073
309 637 2074
85 432 2075
1516 1649 2076
638 372 2077
73 1811 2078
1453 1270 2079
48 45 2080
51 32 2081
448 76 2082
1150 82 2083
2083 385 2084
800 1261 2085
2085 1650 2086
2086 448 2087
800 74 2088
2088 849 2089
2089 2062 2090
2090 1879 2091
2091 811 2092
613 84 2093
2064 66 2094
83 869 2095
83 2065 2096
40 49 2097
365 634 2098
1997 619 2099
949 77 2100
318 407 2101
109 1245 2102
117 98 2103
2029 1279 2104
2104 2079 2105
2105 2030 2106
2106 2057 2107
2107 1268 2108
2108 1195 2109
2109 1093 2110
2061 787 2111
2111 957 2112
2112 89 2113
2113 561 2114
2114 1678 2115
2115 619 2116
2116 1272 2117
2117 2080 2118
2118 1272 2119
2119 2081 2120
2120 940 2121
2121 87 2122
2122 1457 2123
2123 2082 2124
2124 2084 2125
2125 1695 2126
2126 808 2127
2127 46 2128
2128 1273 2129
2087 940 2130
2130 2092 2131
2131 1222 2132
2132 2046 2133
2133 1983 2134
2134 1094 2135
2135 1922 2136
2136 787 2137
2137 66 2138
2138 378 2139
2139 884 2140
2140 2093 2141
2141 1251 2142
2142 67 2143
2143 1447 2144
2144 71 2145
2145 1268 2146
2146 2063 2147
2147 944 2148
2148 77 2149
2149 961 2150
2150 1270 2151
2151 679 2152
1279 936 2153
2153 1995 2154
2154 1251 2155
2155 1267 2156
2156 1498 2157
2157 2047 2158
2158 1280 2159
2094 405 2160
2095 1806 2161
2161 1222 2162
2162 1996 2163
2163 2096 2164
2164 1280 2165
2165 2097 2166
2166 1281 2167
2167 949 2168
2168 89 2169
2169 1723 2170
2170 32 2171
2171 630 2172
2172 1923 2173
1235 1989 2174
2174 390 2175
2175 907 2176
2176 1273 2177
2177 2066 2178
2178 1281 2179
2179 2036 2180
2180 1285 2181
2181 630 2182
2182 1286 2183
1283 470 2184
2184 907 2185
2185 679 2186
2186 800 2187
2187 72 2188
2188 1150 2189
2189 2048 2190
2190 1283 2191
2191 1235 2192
2192 959 2193
2193 2067 2194
2194 2068 2195
2195 2049 2196
2196 940 2197
1083 2037 2198
2198 2099 2199
2199 2070 2200
2200 949 2201
2201 1284 2202
2202 928 2203
2203 547 2204
2204 65 2205
2205 448 2206
2206 1216 2207
2207 2071 2208
2208 2100 2209
2209 778 2210
2210 811 2211
2211 2038 2212
112 260 2213
376 68 2214
116 499 2215
265 371 2216
280 298 2217
368 276 2218
110 272 2219
355 300 2220
71 1978 2221
101 277 2222
60 60 2223
2223 2110 2224
1921 2129 2225
2225 787 2226
2226 2152 2227
1285 2173 2228
1959 2183 2229
2229 448 2230
2230 2197 2231
2231 2098 2232
2232 2212 2233
46 62 2234
2234 62 2235
73 263 2236
99 397 2237
418 100 2238
102 275 2239
841 295 2240
988 116 2241
71 1167 2242
74 79 2243
2224 2227 2244
2244 2159 2245
2245 2160 2246
2246 2228 2247
2247 2233 2248
2248 2235 2249
82 529 2250
302 363 2251
110 333 2252
115 349 2253
69 766 2254
393 100 2255
1424 274 2256
2014 1286 2257
311 1017 2258
267 579 2259
319 624 2260
493 101 2261
100 648 2262
859 368 2263
110 436 2264
266 360 2265
83 1236 2266
417 516 2267
1341 100 2268
874 336 2269
474 264 2270
388 118 2271
765 398 2272
378 65 2273
909 121 2274
517 77 2275
103 103 2276
277 313 2277
347 108 2278
325 32 2279
291 443 2280
118 270 2281
67 277 2282
285 680 2283
1431 314 2284
98 105 2285
328 1452 2286
467 260 2287
402 674 2288
107 711 2289
330 270 2290
72 436 2291
109 757 2292
536 84 2293
82 372 2294
309 112 2295
356 358 2296
274 647 2297
277 457 2298
301 101 2299
98 329 2300
258 284 2301
59 616 2302
512 121 2303
898 1039 2304
74 85 2305
116 397 2306
756 316 2307
89 265 2308
265 330 2309
314 321 2310
79 77 2311
641 358 2312
259 682 2313
417 259 2314
1246 294 2315
298 272 2316
410 419 2317
287 302 2318
311 851 2319
1107 530 2320
1690 2214 2321
299 268 2322
1168 304 2323
467 116 2324
558 1086 2325
69 372 2326
301 105 2327
753 101 2328
345 100 2329
259 801 2330
1677 66 2331
2331 1573 2332
117 351 2333
78 272 2334
293 319 2335
861 270 2336
263 383 2337
563 947 2338
118 349 2339
344 308 2340
118 412 2341
465 408 2342
283 278 2343
339 99 2344
484 860 2345
277 419 2346
285 460 2347
570 101 2348
70 1552 2349
303 551 2350
376 785 2351
377 266 2352
267 102 2353
289 260 2354
932 439 2355
789 435 2356
78 618 2357
320 108 2358
578 100 2359
1813 817 2360
2360 482 2361
99 1073 2362
393 102 2363
1118 637 2364
584 304 2365
877 313 2366
307 101 2367
291 675 2368
80 1713 2369
477 340 2370
263 429 2371
115 655 2372
100 296 2373
610 384 2374
346 111 2375
335 369 2376
289 381 2377
115 282 2378
115 374 2379
100 725 2380
100 672 2381
707 1520 2382
1368 259 2383
556 323 2384
2361 85 2385
2385 1093 2386
403 109 2387
103 956 2388
493 282 2389
435 310 2390
87 737 2391
269 39 2392
1176 435 2393
258 291 2394
260 314 2395
716 116 2396
296 101 2397
99 338 2398
318 503 2399
1138 101 2400
263 552 2401
774 315 2402
87 401 2403
87 275 2404
2243 72 2405
2405 78 2406
107 525 2407
643 398 2408
897 273 2409
70 1464 2410
644 270 2411
707 270 2412
285 338 2413
97 270 2414
330 485 2415
70 82 2416
355 411 2417
789 588 2418
322 435 2419
115 333 2420
1226 103 2421
351 258 2422
347 628 2423
359 1472 2424
2221 1585 2425
293 1126 2426
119 888 2427
346 1015 2428
1795 404 2429
1455 371 2430
332 291 2431
454 115 2432
508 1004 2433
855 275 2434
289 116 2435
108 292 2436
68 65 2437
1158 1459 2438
615 264 2439
714 121 2440
101 409 2441
743 310 2442
912 491 2443
72 899 2444
76 378 2445
301 266 2446
331 358 2447
285 538 2448
121 258 2449
515 262 2450
70 349 2451
938 338 2452
73 413 2453
564 79 2454
80 111 2455
115 744 2456
1376 102 2457
98 396 2458
87 1057 2459
974 276 2460
107 348 2461
103 725 2462
267 754 2463
1078 270 2464
107 274 2465
311 1035 2466
307 313 2467
74 117 2468
291 422 2469
1070 415 2470
267 299 2471
118 295 2472
98 571 2473
388 290 2474
311 353 2475
103 313 2476
1246 266 2477
347 260 2478
536 90 2479
2479 378 2480
1336 377 2481
72 363 2482
68 674 2483
67 543 2484
993 428 2485
2275 625 2486
86 470 2487
1663 32 2488
287 730 2489
119 620 2490
65 1193 2491
309 119 2492
121 326 2493
488 379 2494
577 517 2495
306 270 2496
77 895 2497
417 575 2498
119 349 2499
693 285 2500
110 266 2501
287 533 2502
71 451 2503
82 65 2504
317 112 2505
302 386 2506
102 309 2507
331 300 2508
278 423 2509
108 338 2510
118 97 2511
803 532 2512
285 604 2513
72 275 2514
97 263 2515
116 292 2516
913 1129 2517
380 115 2518
458 259 2519
706 266 2520
415 291 2521
557 338 2522
108 313 2523
104 819 2524
2486 1141 2525
76 73 2526
278 682 2527
1496 270 2528
65 114 2529
599 100 2530
1804 1039 2531
352 407 2532
2443 794 2533
491 79 2534
329 1017 2535
746 1540 2536
425 101 2537
110 323 2538
285 770 2539
891 621 2540
702 273 2541
378 378 2542
2404 293 2543
66 1471 2544
589 1416 2545
99 349 2546
274 301 2547
346 270 2548
100 292 2549
537 309 2550
267 115 2551
260 291 2552
932 435 2553
411 283 2554
112 380 2555
86 482 2556
1147 656 2557
78 389 2558
298 322 2559
65 108 2560
98 966 2561
311 258 2562
105 1262 2563
670 370 2564
298 261 2565
643 265 2566
1407 1050 2567
286 1382 2568
887 2480 2569
458 272 2570
66 416 2571
683 1715 2572
67 296 2573
260 300 2574
471 1503 2575
644 121 2576
309 100 2577
535 2537 2578
309 1211 2579
311 319 2580
67 104 2581
71 273 2582
656 607 2583
2583 2444 2584
75 377 2585
685 1189 2586
2586 625 2587
282 438 2588
321 262 2589
102 1001 2590
99 270 2591
1876 317 2592
563 1206 2593
1349 1856 2594
794 68 2595
1979 482 2596
2596 365 2597
390 65 2598
283 259 2599
331 291 2600
97 396 2601
307 478 2602
644 387 2603
461 334 2604
464 261 2605
686 101 2606
85 865 2607
2607 1835 2608
1217 625 2609
299 1006 2610
99 329 2611
1539 1372 2612
80 275 2613
286 607 2614
110 105 2615
493 275 2616
446 359 2617
328 100 2618
403 301 2619
109 620 2620
815 276 2621
274 479 2622
1551 112 2623
345 261 2624
263 344 2625
635 270 2626
784 470 2627
105 277 2628
1682 364 2629
288 84 2630
524 107 2631
1103 772 2632
1204 439 2633
1005 336 2634
79 928 2635
99 322 2636
764 292 2637
316 284 2638
367 999 2639
1177 666 2640
109 265 2641
841 1183 2642
121 45 2643
93 261 2644
1764 84 2645
83 117 2646
368 1070 2647
623 101 2648
473 733 2649
263 291 2650
570 259 2651
319 386 2652
841 333 2653
1036 287 2654
402 119 2655
1389 84 2656
441 355 2657
825 1016 2658
773 1478 2659
879 385 2660
277 478 2661
345 104 2662
1028 301 2663
100 421 2664
318 337 2665
345 274 2666
80 266 2667
111 336 2668
1139 1014 2669
884 2391 2670
116 115 2671
1412 106 2672
83 430 2673
347 441 2674
285 916 2675
357 735 2676
913 1301 2677
259 1161 2678
529 385 2679
365 79 2680
490 267 2681
98 612 2682
410 267 2683
449 276 2684
339 1074 2685
267 302 2686
820 259 2687
98 463 2688
586 314 2689
105 282 2690
321 261 2691
121 521 2692
739 304 2693
269 752 2694
506 288 2695
389 536 2696
263 411 2697
109 354 2698
66 1500 2699
39 1072 2700
100 267 2701
103 476 2702
286 450 2703
2249 257 2704
65 80 2705
2635 69 2706
529 1973 2707
2707 2598 2708
2487 1287 2709
547 87 2710
357 327 2711
791 364 2712
397 260 2713
284 434 2714
458 103 2715
2242 1043 2716
2250 564 2717
267 387 2718
472 1745 2719
380 371 2720
299 111 2721
1247 266 2722
1505 314 2723
993 262 2724
97 368 2725
577 1685 2726
2717 2437 2727
937 100 2728
102 338 2729
116 1670 2730
305 274 2731
282 104 2732
1041 262 2733
118 418 2734
67 554 2735
108 1948 2736
100 362 2737
367 100 2738
75 405 2739
491 2273 2740
118 1208 2741
483 2390 2742
376 65 2743
267 435 2744
267 298 2745
707 364 2746
291 494 2747
288 690 2748
306 370 2749
1492 667 2750
78 964 2751
523 1009 2752
2542 785 2753
2709 1173 2754
66 111 2755
84 317 2756
68 101 2757
291 283 2758
837 664 2759
288 1133 2760
73 850 2761
829 1464 2762
1091 1300 2763
1404 1478 2764
99 645 2765
97 512 2766
388 387 2767
758 722 2768
1485 323 2769
262 341 2770
420 313 2771
400 272 2772
745 415 2773
33 315 2774
67 357 2775
2627 2710 2776
2645 1572 2777
112 321 2778
505 32 2779
108 282 2780
746 387 2781
497 334 2782
111 345 2783
588 501 2784
1681 529 2785
517 658 2786
116 321 2787
97 117 2788
397 264 2789
306 348 2790
102 330 2791
353 314 2792
521 336 2793
102 965 2794
98 1149 2795
1056 32 2796
993 110 2797
374 72 2798
347 691 2799
116 700 2800
311 464 2801
320 369 2802
816 260 2803
76 111 2804
410 782 2805
99 292 2806
544 379 2807
365 1406 2808
1182 404 2809
271 565 2810
726 448 2811
74 65 2812
84 2786 2813
109 568 2814
1467 696 2815
473 1157 2816
797 377 2817
793 2739 2818
683 350 2819
702 111 2820
402 373 2821
89 77 2822
2777 89 2823
120 32 2824
922 309 2825
87 363 2826
277 264 2827
614 258 2828
596 264 2829
1028 852 2830
87 344 2831
422 664 2832
946 910 2833
1638 440 2834
98 852 2835
287 260 2836
1428 258 2837
347 324 2838
116 362 2839
101 437 2840
103 362 2841
114 333 2842
345 276 2843
115 109 2844
1799 259 2845
295 261 2846
1165 73 2847
79 114 2848
679 565 2849
907 83 2850
114 321 2851
1164 567 2852
341 398 2853
490 272 2854
305 261 2855
2011 32 2856
408 285 2857
300 843 2858
925 1854 2859
116 288 2860
99 355 2861
1371 258 2862
567 428 2863
380 327 2864
1247 294 2865
78 111 2866
39 432 2867
515 110 2868
837 261 2869
321 286 2870
1490 109 2871
2660 442 2872
399 443 2873
301 335 2874
488 421 2875
86 266 2876
570 975 2877
471 867 2878
393 109 2879
259 582 2880
278 475 2881
1869 109 2882
101 621 2883
87 73 2884
825 473 2885
2262 266 2886
104 2216 2887
365 71 2888
961 2533 2889
277 105 2890
1158 694 2891
626 871 2892
100 612 2893
375 274 2894
713 445 2895
639 522 2896
285 641 2897
1149 499 2898
99 528 2899
285 663 2900
100 416 2901
492 262 2902
269 69 2903
66 517 2904
1296 368 2905
67 272 2906
268 121 2907
99 416 2908
301 950 2909
278 265 2910
72 292 2911
278 363 2912
402 304 2913
563 273 2914
357 360 2915
59 279 2916
657 1683 2917
112 1243 2918
467 112 2919
379 285 2920
692 655 2921
804 107 2922
115 462 2923
909 270 2924
549 390 2925
2696 65 2926
724 1684 2927
101 867 2928
1361 441 2929
642 275 2930
1645 271 2931
329 260 2932
301 111 2933
329 319 2934
509 347 2935
115 555 2936
671 328 2937
283 299 2938
355 284 2939
1000 696 2940
104 401 2941
71 385 2942
606 362 2943
410 299 2944
429 308 2945
98 2374 2946
380 733 2947
72 294 2948
46 510 2949
530 263 2950
941 336 2951
771 426 2952
767 337 2953
564 67 2954
658 576 2955
66 491 2956
638 442 2957
488 408 2958
71 378 2959
280 496 2960
267 730 2961
307 316 2962
281 334 2963
354 305 2964
39 110 2965
67 456 2966
466 332 2967
430 651 2968
635 273 2969
937 264 2970
2597 442 2971
564 442 2972
311 99 2973
390 69 2974
268 1008 2975
414 276 2976
327 484 2977
1550 270 2978
103 474 2979
285 821 2980
261 695 2981
563 386 2982
589 1676 2983
658 549 2984
568 617 2985
68 282 2986
335 301 2987
951 102 2988
1292 370 2989
83 482 2990
2034 592 2991
2453 482 2992
2015 264 2993
108 322 2994
58 271 2995
623 353 2996
994 101 2997
746 368 2998
639 569 2999
116 275 3000
385 1447 3001
1053 110 3002
77 2054 3003
84 362 3004
309 493 3005
346 296 3006
347 1601 3007
758 616 3008
331 308 3009
287 754 3010
102 1570 3011
39 548 3012
1259 384 3013
116 377 3014
482 1765 3015
3015 576 3016
87 272 3017
291 738 3018
328 103 3019
1037 121 3020
1293 262 3021
890 370 3022
102 356 3023
99 700 3024
76 389 3025
105 851 3026
686 258 3027
109 801 3028
298 309 3029
378 1572 3030
3030 385 3031
914 321 3032
411 359 3033
521 317 3034
820 107 3035
349 1210 3036
291 398 3037
1576 102 3038
1261 482 3039
563 111 3040
3001 372 3041
468 394 3042
261 977 3043
85 69 3044
76 557 3045
2785 442 3046
76 2222 3047
1958 350 3048
2904 1047 3049
378 536 3050
263 392 3051
861 121 3052
1040 1387 3053
98 32 3054
351 1297 3055
1340 101 3056
421 332 3057
2261 274 3058
1941 553 3059
110 282 3060
2434 1443 3061
1457 879 3062
260 284 3063
76 385 3064
1576 395 3065
2271 463 3066
367 267 3067
484 1169 3068
103 322 3069
117 319 3070
267 602 3071
543 584 3072
397 1116 3073
994 258 3074
77 111 3075
115 45 3076
269 2386 3077
2078 2959 3078
291 516 3079
615 766 3080
460 331 3081
1325 108 3082
118 292 3083
305 425 3084
365 65 3085
109 1629 3086
326 987 3087
502 363 3088
115 257 3089
449 373 3090
83 280 3091
101 706 3092
2005 304 3093
287 395 3094
112 262 3095
102 321 3096
301 427 3097
587 300 3098
620 921 3099
98 292 3100
594 281 3101
410 349 3102
70 69 3103
880 440 3104
599 1774 3105
351 319 3106
468 853 3107
2571 116 3108
69 1129 3109
67 470 3110
1077 83 3111
3039 65 3112
105 353 3113
762 358 3114
537 2238 3115
298 585 3116
604 262 3117
105 572 3118
764 2732 3119
99 342 3120
1581 424 3121
108 598 3122
352 752 3123
578 575 3124
3062 79 3125
1740 1000 3126
309 1632 3127
307 579 3128
105 309 3129
267 313 3130
820 384 3131
546 406 3132
578 353 3133
383 300 3134
465 544 3135
546 328 3136
508 430 3137
302 475 3138
33 279 3139
256 91 3140
423 403 3141
260 484 3142
1324 258 3143
100 921 3144
441 262 3145
103 520 3146
282 409 3147
979 284 3148
734 554 3149
309 425 3150
1957 107 3151
1296 387 3152
83 944 3153
98 309 3154
402 100 3155
568 102 3156
99 921 3157
1016 265 3158
259 882 3159
293 371 3160
504 419 3161
321 664 3162
720 350 3163
538 308 3164
2704 2024 3165
286 385 3166
2775 2333 3167
581 276 3168
110 1115 3169
301 320 3170
299 1624 3171
375 682 3172
906 304 3173
335 109 3174
115 322 3175
855 2522 3176
257 565 3177
589 1913 3178
1558 368 3179
82 289 3180
122 258 3181
332 466 3182
556 1575 3183
39 298 3184
268 687 3185
103 266 3186
626 881 3187
349 824 3188
1103 982 3189
110 1875 3190
735 260 3191
459 1097 3192
97 105 3193
2563 262 3194
318 65 3195
1855 1306 3196
480 1198 3197
515 428 3198
77 277 3199
268 302 3200
480 105 3201
102 719 3202
2595 634 3203
33 426 3204
775 1186 3205
794 1389 3206
2813 442 3207
99 414 3208
351 309 3209
333 291 3210
298 812 3211
367 704 3212
99 114 3213
102 705 3214
578 260 3215
119 757 3216
119 1401 3217
119 2663 3218
99 421 3219
556 608 3220
513 485 3221
1305 355 3222
309 108 3223
83 79 3224
2888 2534 3225
72 1421 3226
773 1607 3227
102 116 3228
289 301 3229
653 112 3230
644 267 3231
69 88 3232
614 101 3233
805 845 3234
375 475 3235
328 120 3236
403 112 3237
653 2218 3238
460 285 3239
112 1197 3240
486 260 3241
1481 428 3242
774 1024 3243
284 308 3244
2293 442 3245
112 543 3246
275 116 3247
110 295 3248
288 997 3249
499 262 3250
293 1749 3251
859 387 3252
490 423 3253
2432 592 3254
685 899 3255
2817 270 3256
277 262 3257
286 1744 3258
886 391 3259
417 107 3260
115 1082 3261
99 676 3262
1065 531 3263
99 377 3264
804 329 3265
101 1503 3266
65 373 3267
548 337 3268
83 257 3269
2990 3163 3270
1178 105 3271
357 121 3272
261 503 3273
978 273 3274
288 66 3275
299 275 3276
426 565 3277
98 457 3278
269 565 3279
122 274 3280
108 268 3281
67 442 3282
1058 884 3283
471 1749 3284
2051 270 3285
347 1017 3286
1125 616 3287
388 891 3288
83 116 3289
759 331 3290
318 894 3291
713 258 3292
446 283 3293
1625 270 3294
403 321 3295
261 67 3296
2021 327 3297
338 98 3298
102 457 3299
1005 261 3300
285 1288 3301
491 576 3302
2035 700 3303
737 482 3304
3304 817 3305
3153 79 3306
2925 2077 3307
403 99 3308
770 358 3309
293 115 3310
1865 428 3311
119 863 3312
743 419 3313
1927 109 3314
109 711 3315
268 657 3316
403 864 3317
102 521 3318
286 1758 3319
262 434 3320
399 112 3321
484 1734 3322
507 282 3323
854 1307 3324
299 781 3325
935 285 3326
604 428 3327
72 418 3328
2578 1178 3329
98 965 3330
112 116 3331
765 527 3332
529 1093 3333
268 263 3334
115 506 3335
72 553 3336
1393 2942 3337
76 576 3338
283 1529 3339
519 464 3340
1686 1366 3341
293 108 3342
287 489 3343
119 320 3344
351 298 3345
422 826 3346
100 115 3347
102 295 3348
307 387 3349
566 2656 3350
44 315 3351
318 580 3352
2311 1058 3353
1321 1001 3354
589 65 3355
1003 103 3356
636 2544 3357
3357 1248 3358
115 367 3359
259 329 3360
100 571 3361
267 489 3362
825 435 3363
109 705 3364
101 637 3365
756 264 3366
688 421 3367
329 301 3368
285 968 3369
118 427 3370
103 277 3371
1374 666 3372
98 349 3373
334 540 3374
59 302 3375
410 261 3376
267 1648 3377
326 627 3378
111 99 3379
1584 654 3380
78 1206 3381
1355 389 3382
365 372 3383
59 426 3384
74 528 3385
2305 3338 3386
65 290 3387
521 262 3388
1201 415 3389
338 112 3390
507 292 3391
438 300 3392
2954 2351 3393
793 495 3394
77 610 3395
345 108 3396
121 374 3397
479 116 3398
311 871 3399
104 987 3400
116 1842 3401
274 1152 3402
1045 348 3403
83 396 3404
1515 2725 3405
103 355 3406
1337 281 3407
1800 263 3408
650 408 3409
2581 329 3410
355 461 3411
996 561 3412
482 73 3413
68 97 3414
278 582 3415
2006 32 3416
822 428 3417
99 481 3418
339 116 3419
353 284 3420
318 77 3421
356 538 3422
268 107 3423
1316 1067 3424
105 298 3425
115 449 3426
378 1406 3427
298 296 3428
108 783 3429
701 552 3430
261 565 3431
544 331 3432
121 352 3433
441 295 3434
76 323 3435
118 423 3436
467 104 3437
358 308 3438
102 1435 3439
456 575 3440
429 300 3441
114 479 3442
750 371 3443
99 1824 3444
427 369 3445
110 921 3446
357 298 3447
410 1051 3448
2416 2808 3449
830 314 3450
110 258 3451
467 427 3452
83 65 3453
286 1787 3454
807 267 3455
1925 258 3456
714 1491 3457
653 553 3458
102 335 3459
399 415 3460
1687 258 3461
2389 780 3462
106 97 3463
285 762 3464
109 289 3465
880 391 3466
393 500 3467
1522 425 3468
2641 259 3469
318 72 3470
612 258 3471
404 819 3472
308 540 3473
1942 541 3474
1594 266 3475
259 481 3476
107 810 3477
359 2291 3478
107 303 3479
1025 385 3480
1424 348 3481
3353 89 3482
358 331 3483
272 263 3484
322 313 3485
1722 496 3486
491 73 3487
66 73 3488
613 69 3489
280 109 3490
305 454 3491
301 354 3492
610 493 3493
318 80 3494
272 101 3495
101 258 3496
115 560 3497
558 414 3498
318 917 3499
570 327 3500
794 3103 3501
3501 85 3502
564 76 3503
115 601 3504
352 83 3505
39 647 3506
3175 423 3507
2468 311 3508
577 672 3509
482 562 3510
3487 90 3511
3511 912 3512
3512 1573 3513
1404 1607 3514
78 69 3515
1926 667 3516
470 76 3517
69 86 3518
2215 294 3519
874 263 3520
285 1128 3521
108 333 3522
1962 264 3523
291 415 3524
108 812 3525
102 267 3526
344 430 3527
291 1474 3528
110 608 3529
1330 1954 3530
643 662 3531
3031 66 3532
3532 442 3533
1159 314 3534
116 736 3535
3509 368 3536
3337 996 3537
1840 3513 3538
69 2587 3539
107 282 3540
345 264 3541
725 270 3542
268 262 3543
878 298 3544
530 336 3545
278 348 3546
570 316 3547
71 309 3548
112 521 3549
1065 107 3550
950 340 3551
1366 339 3552
765 571 3553
526 80 3554
2820 264 3555
1228 347 3556
118 506 3557
269 690 3558
462 747 3559
778 2955 3560
2716 435 3561
971 3044 3562
291 466 3563
383 332 3564
266 114 3565
102 1161 3566
102 537 3567
311 733 3568
283 302 3569
400 553 3570
844 709 3571
645 1387 3572
1455 305 3573
284 334 3574
275 575 3575
307 511 3576
1044 381 3577
291 379 3578
504 478 3579
351 118 3580
66 117 3581
1368 902 3582
1174 107 3583
443 370 3584
115 377 3585
2023 463 3586
465 1288 3587
368 261 3588
33 1024 3589
34 271 3590
68 2525 3591
450 350 3592
2526 865 3593
577 3539 3594
778 718 3595
108 499 3596
454 298 3597
274 105 3598
97 437 3599
1947 479 3600
97 298 3601
274 369 3602
115 270 3603
104 354 3604
280 396 3605
371 314 3606
345 654 3607
119 608 3608
1013 415 3609
295 302 3610
465 466 3611
291 591 3612
480 810 3613
115 574 3614
650 550 3615
848 1590 3616
33 394 3617
833 910 3618
1220 387 3619
475 2467 3620
301 1033 3621
39 83 3622
379 332 3623
850 263 3624
1267 89 3625
1972 258 3626
1139 1905 3627
715 1284 3628
78 2964 3629
545 637 3630
410 579 3631
1755 32 3632
1037 270 3633
400 2987 3634
108 267 3635
281 356 3636
112 612 3637
278 274 3638
934 265 3639
868 262 3640
109 456 3641
604 110 3642
771 257 3643
2741 842 3644
107 355 3645
2349 301 3646
69 275 3647
771 394 3648
533 263 3649
352 1436 3650
686 1500 3651
960 1904 3652
1855 952 3653
3510 3049 3654
98 732 3655
111 559 3656
760 270 3657
329 381 3658
1138 3034 3659
100 333 3660
295 299 3661
293 260 3662
305 348 3663
937 110 3664
652 263 3665
1556 263 3666
915 1570 3667
100 329 3668
72 272 3669
289 263 3670
2822 2956 3671
277 1086 3672
83 2608 3673
77 985 3674
413 737 3675
269 75 3676
545 733 3677
2022 1297 3678
1221 267 3679
816 116 3680
106 354 3681
519 264 3682
764 2419 3683
1467 103 3684
507 313 3685
278 772 3686
1170 281 3687
119 1198 3688
535 277 3689
805 484 3690
1207 262 3691
837 826 3692
3064 3427 3693
996 350 3694
3333 3449 3695
66 89 3696
2294 2369 3697
112 117 3698
1591 484 3699
116 667 3700
104 777 3701
445 327 3702
1065 384 3703
1686 100 3704
298 111 3705
283 374 3706
421 300 3707
553 97 3708
460 379 3709
2400 908 3710
288 67 3711
109 598 3712
295 45 3713
1158 117 3714
318 747 3715
885 2290 3716
643 453 3717
1234 386 3718
302 1192 3719
861 706 3720
1444 3382 3721
1316 1815 3722
1862 1072 3723
105 311 3724
102 3437 3725
101 1553 3726
847 425 3727
288 752 3728
633 314 3729
288 917 3730
746 464 3731
344 332 3732
357 351 3733
326 896 3734
3714 330 3735
109 418 3736
523 1042 3737
81 117 3738
98 98 3739
2375 406 3740
443 261 3741
1473 3196 3742
80 296 3743
71 65 3744
76 879 3745
357 1514 3746
1147 323 3747
784 89 3748
3050 79 3749
102 398 3750
487 313 3751
512 1138 3752
1776 1679 3753
119 795 3754
116 336 3755
100 1015 3756
98 313 3757
418 305 3758
318 84 3759
1045 273 3760
2818 611 3761
115 394 3762
1221 1475 3763
332 331 3764
307 299 3765
259 1679 3766
1005 263 3767
1378 364 3768
1139 2319 3769
2433 73 3770
73 491 3771
350 77 3772
275 270 3773
98 121 3774
105 391 3775
298 258 3776
1145 262 3777
115 646 3778
285 738 3779
102 328 3780
320 112 3781
1836 779 3782
534 281 3783
77 1006 3784
111 298 3785
351 1378 3786
3708 858 3787
542 373 3788
110 277 3789
269 82 3790
268 384 3791
2418 274 3792
46 853 3793
689 313 3794
46 681 3795
480 447 3796
3271 392 3797
3671 1173 3798
636 84 3799
350 68 3800
685 1669 3801
307 531 3802
98 567 3803
107 266 3804
291 1062 3805
410 727 3806
119 842 3807
311 1372 3808
859 384 3809
2040 117 3810
906 267 3811
287 1148 3812
99 1190 3813
110 294 3814
288 977 3815
382 282 3816
39 308 3817
878 109 3818
635 348 3819
468 271 3820
91 83 3821
1891 267 3822
115 827 3823
2264 409 3824
108 645 3825
626 98 3826
104 856 3827
278 982 3828
722 860 3829
659 327 3830
454 493 3831
795 258 3832
98 1054 3833
380 425 3834
285 697 3835
319 275 3836
318 66 3837
347 100 3838
1562 684 3839
913 298 3840
458 263 3841
1769 387 3842
265 551 3843
105 369 3844
526 67 3845
44 510 3846
91 573 3847
33 1721 3848
433 747 3849
286 2321 3850
3595 442 3851
678 1104 3852
277 579 3853
331 459 3854
929 262 3855
275 103 3856
471 436 3857
111 45 3858
585 274 3859
500 406 3860
108 295 3861
261 66 3862
3350 1736 3863
880 277 3864
502 281 3865
115 320 3866
355 415 3867
339 291 3868
753 313 3869
1037 267 3870
3029 521 3871
2044 328 3872
600 360 3873
3045 270 3874
77 3194 3875
1471 562 3876
566 3675 3877
112 294 3878
71 69 3879
471 425 3880
346 1134 3881
104 117 3882
393 98 3883
1255 867 3884
311 324 3885
104 339 3886
380 97 3887
550 285 3888
121 3551 3889
87 1198 3890
1336 267 3891
620 2376 3892
1671 261 3893
288 695 3894
275 525 3895
39 409 3896
332 408 3897
981 416 3898
1330 1124 3899
283 501 3900
1655 777 3901
400 266 3902
424 39 3903
771 271 3904
68 625 3905
108 987 3906
460 488 3907
3503 86 3908
737 376 3909
1958 385 3910
3910 1173 3911
577 2943 3912
470 2556 3913
3913 625 3914
287 1822 3915
1421 811 3916
71 1070 3917
349 725 3918
109 1575 3919
1638 284 3920
119 475 3921
1118 766 3922
102 620 3923
298 101 3924
1163 1136 3925
1730 116 3926
524 115 3927
330 103 3928
118 662 3929
383 430 3930
461 434 3931
312 334 3932
2349 381 3933
102 395 3934
1176 439 3935
877 355 3936
288 828 3937
702 2470 3938
1194 298 3939
263 540 3940
69 2814 3941
115 426 3942
3336 1073 3943
1456 3226 3944
84 349 3945
286 1821 3946
3394 1736 3947
3048 2743 3948
286 1933 3949
101 328 3950
107 926 3951
898 294 3952
101 1212 3953
417 316 3954
262 629 3955
1929 260 3956
535 391 3957
402 704 3958
417 371 3959
642 966 3960
1377 305 3961
330 404 3962
307 261 3963
1045 682 3964
771 853 3965
1766 404 3966
1106 421 3967
379 1146 3968
87 1994 3969
319 819 3970
86 726 3971
2558 450 3972
3972 3916 3973
67 1502 3974
389 2033 3975
293 851 3976
321 101 3977
368 112 3978
99 289 3979
100 1241 3980
100 486 3981
724 3129 3982
1988 371 3983
114 277 3984
115 2505 3985
839 2373 3986
278 1161 3987
402 867 3988
100 1122 3989
714 3208 3990
498 1976 3991
771 256 3992
620 1115 3993
848 369 3994
112 950 3995
885 289 3996
71 377 3997
69 69 3998
1260 961 3999
1840 3537 4000
365 3515 4001
658 547 4002
941 439 4003
66 289 4004
493 1208 4005
115 994 4006
288 580 4007
357 441 4008
1487 333 4009
512 373 4010
295 115 4011
59 419 4012
328 268 4013
493 111 4014
355 341 4015
523 882 4016
374 1525 4017
318 70 4018
512 340 4019
585 1825 4020
3973 3745 4021
71 82 4022
2016 84 4023
2545 2972 4024
85 2850 4025
589 2727 4026
121 109 4027
844 558 4028
287 116 4029
274 1046 4030
116 539 4031
1028 1842 4032
623 313 4033
1567 539 4034
1363 270 4035
97 45 4036
877 333 4037
39 428 4038
806 830 4039
2874 107 4040
1181 1082 4041
471 1553 4042
117 381 4043
410 730 4044
623 525 4045
39 261 4046
520 383 4047
903 260 4048
1501 391 4049
642 349 4050
121 2441 4051
1549 415 4052
351 100 4053
482 89 4054
390 68 4055
87 482 4056
4056 636 4057
259 272 4058
461 359 4059
845 263 4060
264 314 4061
268 633 4062
435 109 4063
119 266 4064
487 1598 4065
1912 2932 4066
497 429 4067
321 826 4068
87 1446 4069
804 700 4070
318 67 4071
101 340 4072
263 900 4073
862 551 4074
379 308 4075
104 1153 4076
259 396 4077
647 906 4078
97 404 4079
119 711 4080
771 261 4081
65 1156 4082
444 335 4083
589 2971 4084
46 952 4085
1416 83 4086
67 75 4087
1766 485 4088
66 1365 4089
103 396 4090
287 782 4091
752 924 4092
461 494 4093
3571 270 4094
262 415 4095
615 2281 4096
403 706 4097
444 705 4098
455 310 4099
110 1940 4100
592 268 4101
402 445 4102
359 2382 4103
524 261 4104
925 267 4105
2423 291 4106
1145 355 4107
2075 284 4108
288 627 4109
1740 301 4110
2819 2706 4111
564 2077 4112
3562 495 4113
4113 3998 4114
4114 75 4115
112 323 4116
314 497 4117
76 873 4118
1962 115 4119
98 456 4120
481 354 4121
684 105 4122
259 105 4123
402 264 4124
1651 32 4125
1237 2883 4126
116 732 4127
339 602 4128
557 500 4129
537 304 4130
303 263 4131
119 330 4132
347 101 4133
544 358 4134
97 1290 4135
107 632 4136
750 264 4137
1248 65 4138
355 434 4139
330 1831 4140
282 326 4141
100 1115 4142
462 83 4143
99 121 4144
2418 348 4145
909 373 4146
282 435 4147
1820 260 4148
3025 448 4149
355 334 4150
3379 657 4151
70 329 4152
547 2033 4153
298 328 4154
1490 1640 4155
3945 512 4156
86 1456 4157
547 4087 4158
100 1960 4159
117 496 4160
760 327 4161
277 336 4162
537 266 4163
476 278 4164
104 398 4165
430 383 4166
121 333 4167
1544 258 4168
403 2520 4169
545 766 4170
751 334 4171
311 1117 4172
1551 621 4173
104 554 4174
1086 313 4175
687 284 4176
937 428 4177
298 117 4178
268 592 4179
326 693 4180
257 80 4181
3412 442 4182
65 372 4183
102 427 4184
84 321 4185
3999 3205 4186
3748 4158 4187
2294 2017 4188
934 117 4189
283 1599 4190
298 270 4191
1528 722 4192
537 276 4193
1312 290 4194
76 732 4195
298 486 4196
377 263 4197
1214 1030 4198
2909 102 4199
282 286 4200
889 421 4201
913 327 4202
610 780 4203
444 1085 4204
1702 32 4205
356 423 4206
465 916 4207
341 291 4208
1107 969 4209
433 285 4210
71 1707 4211
576 495 4212
89 996 4213
84 389 4214
529 3110 4215
1664 2708 4216
729 281 4217
311 97 4218
280 1531 4219
110 725 4220
314 283 4221
317 472 4222
445 270 4223
1501 1130 4224
298 277 4225
1374 333 4226
79 428 4227
115 1014 4228
1311 300 4229
1178 272 4230
107 267 4231
578 425 4232
114 322 4233
2606 666 4234
278 522 4235
1298 262 4236
903 298 4237
99 396 4238
2344 406 4239
286 84 4240
67 3455 4241
278 1679 4242
67 1636 4243
114 1152 4244
98 704 4245
109 704 4246
504 302 4247
332 631 4248
1244 1213 4249
99 339 4250
262 411 4251
410 511 4252
116 267 4253
103 1824 4254
749 39 4255
115 965 4256
266 118 4257
1187 329 4258
359 600 4259
635 363 4260
121 105 4261
1988 305 4262
492 2915 4263
1857 304 4264
639 300 4265
926 689 4266
4212 2078 4267
79 881 4268
77 389 4269
78 390 4270
4057 89 4271
83 554 4272
65 709 4273
760 437 4274
108 386 4275
670 97 4276
305 1620 4277
39 266 4278
106 1085 4279
445 263 4280
357 779 4281
287 1121 4282
712 331 4283
423 1114 4284
100 391 4285
358 300 4286
1563 262 4287
309 103 4288
100 360 4289
1135 331 4290
748 364 4291
1763 262 4292
2309 605 4293
71 2470 4294
862 409 4295
397 116 4296
806 116 4297
83 3241 4298
318 828 4299
3106 277 4300
981 1198 4301
362 713 4302
267 303 4303
388 298 4304
82 554 4305
298 396 4306
2044 406 4307
1589 364 4308
79 1189 4309
4309 413 4310
561 3085 4311
918 1411 4312
577 2926 4313
4086 1669 4314
3518 3383 4315
2705 536 4316
329 112 4317
3491 264 4318
1539 1904 4319
115 321 4320
39 2052 4321
738 300 4322
914 1134 4323
943 582 4324
1377 371 4325
328 109 4326
288 80 4327
557 3121 4328
712 308 4329
351 1601 4330
104 807 4331
3059 780 4332
588 436 4333
317 1211 4334
1169 484 4335
647 112 4336
100 696 4337
1891 341 4338
1107 1066 4339
1167 2934 4340
349 263 4341
670 1006 4342
115 526 4343
980 421 4344
267 301 4345
100 321 4346
77 884 4347
3355 2679 4348
268 105 4349
3126 264 4350
683 1365 4351
306 668 4352
112 2103 4353
311 282 4354
1209 267 4355
713 105 4356
507 541 4357
2516 1153 4358
65 2052 4359
1486 336 4360
890 274 4361
288 1112 4362
1160 101 4363
816 633 4364
615 108 4365
416 112 4366
351 2520 4367
103 521 4368
1507 705 4369
307 533 4370
59 489 4371
102 322 4372
1752 32 4373
538 300 4374
606 261 4375
855 1006 4376
77 272 4377
702 618 4378
998 1236 4379
377 2713 4380
347 99 4381
1769 368 4382
352 285 4383
268 409 4384
889 379 4385
269 2279 4386
1931 1179 4387
115 1653 4388
4312 907 4389
1490 599 4390
706 427 4391
4316 1239 4392
577 2872 4393
899 4002 4394
109 321 4395
2327 340 4396
283 316 4397
374 83 4398
652 45 4399
742 118 4400
115 1015 4401
277 533 4402
305 109 4403
104 947 4404
3493 486 4405
1164 1598 4406
289 830 4407
356 331 4408
116 3229 4409
118 447 4410
750 298 4411
265 360 4412
472 313 4413
1182 628 4414
2621 386 4415
380 298 4416
1149 655 4417
846 261 4418
603 1238 4419
675 308 4420
73 39 4421
2658 121 4422
268 1557 4423
3410 1301 4424
864 355 4425
481 510 4426
83 445 4427
1087 592 4428
472 111 4429
286 1914 4430
683 79 4431
2558 70 4432
4432 1835 4433
4025 636 4434
2495 2957 4435
3168 105 4436
496 369 4437
584 500 4438
63 394 4439
101 435 4440
356 631 4441
83 296 4442
998 273 4443
285 331 4444
657 327 4445
320 116 4446
689 263 4447
1893 842 4448
357 2688 4449
1045 363 4450
1992 116 4451
1244 262 4452
285 631 4453
491 76 4454
287 1051 4455
502 292 4456
843 336 4457
352 580 4458
104 2397 4459
500 427 4460
476 511 4461
1128 331 4462
261 300 4463
931 262 4464
4238 99 4465
2703 2811 4466
4310 2974 4467
319 4266 4468
86 349 4469
1511 2055 4470
2543 441 4471
3975 2454 4472
2352 1067 4473
84 350 4474
87 418 4475
275 301 4476
322 272 4477
116 296 4478
417 384 4479
424 1063 4480
349 97 4481
99 858 4482
303 485 4483
99 1012 4484
97 381 4485
380 441 4486
119 295 4487
111 100 4488
626 377 4489
106 1781 4490
1847 266 4491
820 316 4492
347 779 4493
65 260 4494
102 416 4495
2299 266 4496
288 70 4497
299 272 4498
417 1611 4499
794 86 4500
98 398 4501
393 1132 4502
650 379 4503
326 459 4504
408 332 4505
1013 332 4506
531 284 4507
627 358 4508
71 618 4509
103 121 4510
468 256 4511
66 69 4512
78 576 4513
269 325 4514
1181 440 4515
66 3305 4516
577 2992 4517
301 673 4518
1677 793 4519
4519 865 4520
4434 372 4521
117 258 4522
881 121 4523
393 1632 4524
1125 310 4525
455 104 4526
454 347 4527
105 412 4528
116 293 4529
820 298 4530
309 513 4531
543 558 4532
306 268 4533
534 308 4534
307 368 4535
312 359 4536
570 313 4537
103 1774 4538
1384 107 4539
584 881 4540
100 888 4541
115 1114 4542
1893 863 4543
353 300 4544
77 101 4545
1473 573 4546
609 631 4547
552 326 4548
259 1245 4549
2424 368 4550
71 117 4551
609 538 4552
1077 2679 4553
1380 77 4554
4554 1248 4555
886 3280 4556
1644 2253 4557
3077 2257 4558
66 2584 4559
3581 3434 4560
1393 576 4561
4215 442 4562
2504 536 4563
68 2708 4564
495 2984 4565
71 85 4566
414 108 4567
2766 304 4568
116 571 4569
305 116 4570
1312 321 4571
323 316 4572
305 313 4573
2893 270 4574
345 307 4575
266 336 4576
302 292 4577
345 1846 4578
367 393 4579
806 260 4580
1376 395 4581
119 532 4582
281 359 4583
846 263 4584
497 434 4585
507 645 4586
99 541 4587
83 263 4588
283 310 4589
1359 1302 4590
293 441 4591
277 609 4592
303 962 4593
2344 328 4594
384 284 4595
99 2863 4596
104 296 4597
427 881 4598
2901 109 4599
3176 263 4600
277 511 4601
488 460 4602
523 363 4603
115 440 4604
998 1004 4605
98 339 4606
115 699 4607
1205 3653 4608
961 1669 4609
3647 3450 4610
72 1456 4611
3674 1577 4612
4612 350 4613
1614 76 4614
291 458 4615
414 353 4616
2388 348 4617
288 76 4618
556 335 4619
388 327 4620
1342 267 4621
307 782 4622
534 285 4623
760 298 4624
102 463 4625
586 300 4626
332 284 4627
288 1317 4628
116 354 4629
471 2765 4630
751 300 4631
524 384 4632
117 780 4633
525 407 4634
293 305 4635
112 339 4636
1726 100 4637
65 4106 4638
490 1291 4639
104 1435 4640
298 295 4641
468 257 4642
823 266 4643
80 73 4644
375 882 4645
513 277 4646
374 70 4647
3944 442 4648
495 73 4649
46 1408 4650
1566 491 4651
4651 2445 4652
2646 4391 4653
65 4518 4654
3395 345 4655
476 270 4656
103 267 4657
410 1200 4658
266 1384 4659
804 1991 4660
466 285 4661
1000 103 4662
98 524 4663
298 1364 4664
288 1059 4665
1181 386 4666
743 478 4667
391 359 4668
1309 331 4669
357 674 4670
261 80 4671
319 101 4672
319 111 4673
1942 645 4674
261 580 4675
431 810 4676
1103 3791 4677
450 2811 4678
1250 336 4679
604 310 4680
1783 266 4681
292 266 4682
953 3799 4683
84 121 4684
811 2706 4685
279 256 4686
500 1085 4687
854 1328 4688
97 122 4689
490 371 4690
116 694 4691
280 1297 4692
302 440 4693
513 441 4694
259 1429 4695
108 527 4696
68 330 4697
512 270 4698
525 337 4699
494 281 4700
299 348 4701
498 487 4702
1541 262 4703
116 1583 4704
104 1357 4705
275 329 4706
1106 379 4707
1557 463 4708
2783 351 4709
2701 2501 4710
74 97 4711
382 98 4712
862 270 4713
1926 349 4714
263 446 4715
103 338 4716
500 97 4717
2381 384 4718
77 266 4719
76 3316 4720
784 1449 4721
879 350 4722
4563 2680 4723
286 876 4724
3004 445 4725
70 73 4726
399 109 4727
545 464 4728
332 604 4729
760 396 4730
399 364 4731
578 340 4732
317 32 4733
299 370 4734
500 2362 4735
728 457 4736
1847 294 4737
347 1035 4738
932 1362 4739
962 264 4740
118 275 4741
104 313 4742
331 334 4743
786 256 4744
103 328 4745
444 2928 4746
102 266 4747
1977 521 4748
261 690 4749
915 3193 4750
2424 387 4751
454 4189 4752
99 2309 4753
1139 2580 4754
259 282 4755
2241 282 4756
306 363 4757
344 356 4758
119 2547 4759
1954 263 4760
119 1082 4761
613 350 4762
3179 457 4763
308 1413 4764
1025 2753 4765
413 1681 4766
4565 372 4767
83 2718 4768
519 371 4769
1372 294 4770
4273 499 4771
345 1418 4772
570 457 4773
911 1097 4774
955 3187 4775
758 310 4776
476 263 4777
1818 316 4778
285 358 4779
383 281 4780
309 441 4781
100 295 4782
2844 445 4783
328 926 4784
70 4340 4785
981 1866 4786
1405 336 4787
680 1146 4788
277 368 4789
506 286 4790
288 284 4791
326 759 4792
307 264 4793
876 268 4794
786 394 4795
897 2525 4796
73 1577 4797
46 93 4798
2334 259 4799
829 349 4800
2305 413 4801
3414 4526 4802
1690 1173 4803
2726 3695 4804
1421 625 4805
3206 1406 4806
3908 576 4807
923 4054 4808
104 121 4809
377 262 4810
1492 349 4811
1112 860 4812
100 386 4813
3951 260 4814
116 295 4815
1110 262 4816
275 107 4817
298 427 4818
722 1169 4819
878 258 4820
109 463 4821
2612 294 4822
71 105 4823
112 322 4824
2289 314 4825
351 103 4826
3084 667 4827
39 115 4828
116 873 4829
1795 485 4830
265 381 4831
2933 105 4832
1472 387 4833
724 396 4834
121 277 4835
100 1363 4836
1191 328 4837
492 276 4838
492 290 4839
354 103 4840
115 767 4841
33 39 4842
3488 4721 4843
3232 3694 4844
470 4023 4845
385 390 4846
612 274 4847
490 298 4848
414 99 4849
308 99 4850
311 116 4851
270 314 4852
402 696 4853
1730 260 4854
1440 541 4855
351 500 4856
101 485 4857
267 533 4858
534 332 4859
309 3370 4860
109 396 4861
1461 262 4862
111 273 4863
360 300 4864
860 484 4865
537 606 4866
2517 1109 4867
560 337 4868
367 264 4869
109 814 4870
601 300 4871
523 270 4872
352 1454 4873
59 511 4874
104 966 4875
283 286 4876
33 510 4877
647 2555 4878
1289 4067 4879
298 451 4880
32 314 4881
1463 1417 4882
443 260 4883
617 263 4884
338 272 4885
512 709 4886
1375 1445 4887
321 318 4888
261 91 4889
508 1236 4890
359 931 4891
492 260 4892
1205 573 4893
468 426 4894
74 1085 4895
707 691 4896
318 1724 4897
3492 301 4898
426 573 4899
462 3591 4900
2556 1421 4901
66 2851 4902
2451 3720 4903
76 3672 4904
773 2406 4905
996 1981 4906
357 867 4907
3359 290 4908
2460 270 4909
412 411 4910
2260 1297 4911
791 121 4912
633 284 4913
97 304 4914
2618 696 4915
67 268 4916
298 1781 4917
461 308 4918
568 403 4919
575 284 4920
84 1866 4921
345 2367 4922
121 101 4923
104 1042 4924
268 3097 4925
514 409 4926
400 921 4927
307 578 4928
1333 457 4929
1228 115 4930
293 340 4931
3072 1747 4932
577 3041 4933
651 1146 4934
261 828 4935
299 277 4936
1887 464 4937
261 285 4938
326 729 4939
99 321 4940
423 355 4941
523 668 4942
258 300 4943
502 2026 4944
856 262 4945
1210 270 4946
312 434 4947
104 813 4948
382 295 4949
108 320 4950
583 70 4951
288 1225 4952
1119 314 4953
380 121 4954
298 1514 4955
288 87 4956
1325 112 4957
4469 377 4958
807 4598 4959
938 2010 4960
3593 892 4961
683 2584 4962
4766 2680 4963
2445 1577 4964
109 3542 4965
279 426 4966
2612 539 4967
1092 108 4968
693 356 4969
110 2892 4970
97 327 4971
383 334 4972
593 622 4973
430 538 4974
508 3216 4975
463 262 4976
1187 700 4977
584 3157 4978
307 489 4979
101 493 4980
3498 2899 4981
753 632 4982
402 118 4983
2499 384 4984
436 409 4985
1820 116 4986
648 117 4987
281 494 4988
3238 532 4989
306 1042 4990
555 407 4991
298 362 4992
283 1509 4993
326 788 4994
825 2800 4995
3180 3347 4996
374 1254 4997
403 4836 4998
3622 3719 4999
3743 112 5000
261 1059 5001
4951 4762 5002
83 2941 5003
121 2827 5004
1502 626 5005
311 1157 5006
860 845 5007
639 945 5008
80 427 5009
1342 735 5010
4560 3490 5011
778 625 5012
268 277 5013
1412 298 5014
746 304 5015
99 956 5016
68 423 5017
3323 1383 5018
306 1152 5019
1066 336 5020
1509 116 5021
1504 1090 5022
2458 259 5023
288 894 5024
288 1794 5025
456 1046 5026
65 276 5027
555 337 5028
299 266 5029
341 870 5030
103 294 5031
121 330 5032
80 329 5033
2297 2690 5034
854 305 5035
333 284 5036
938 2740 5037
347 120 5038
107 640 5039
291 689 5040
352 917 5041
274 2255 5042
263 484 5043
477 609 5044
927 369 5045
288 72 5046
848 100 5047
635 105 5048
282 318 5049
885 329 5050
1339 426 5051
411 481 5052
394 622 5053
3108 522 5054
83 3797 5055
66 427 5056
80 1685 5057
273 284 5058
1644 115 5059
390 84 5060
1471 737 5061
4442 266 5062
589 3746 5063
971 899 5064
5064 778 5065
5065 4270 5066
3413 88 5067
5067 378 5068
4089 351 5069
2788 4058 5070
70 32 5071
3170 371 5072
99 624 5073
267 541 5074
272 684 5075
370 339 5076
338 505 5077
339 260 5078
1807 101 5079
118 1670 5080
351 412 5081
266 1400 5082
100 354 5083
745 669 5084
103 539 5085
100 1210 5086
403 108 5087
114 499 5088
1754 463 5089
291 749 5090
261 70 5091
425 115 5092
97 3136 5093
110 355 5094
402 598 5095
459 1742 5096
449 319 5097
1588 266 5098
360 285 5099
116 284 5100
890 348 5101
352 997 5102
480 1530 5103
44 257 5104
876 370 5105
1756 111 5106
97 119 5107
671 362 5108
577 3482 5109
589 3302 5110
934 313 5111
847 116 5112
4901 4513 5113
5056 295 5114
3876 372 5115
1535 2608 5116
286 2609 5117
912 1248 5118
4614 2743 5119
590 622 5120
121 469 5121
599 32 5122
288 889 5123
344 484 5124
288 77 5125
312 308 5126
102 1122 5127
98 1365 5128
280 1433 5129
1546 314 5130
306 522 5131
400 354 5132
535 4326 5133
394 337 5134
115 443 5135
1029 403 5136
121 262 5137
285 838 5138
103 856 5139
98 956 5140
119 660 5141
118 486 5142
323 262 5143
303 507 5144
370 676 5145
269 86 5146
282 704 5147
496 755 5148
454 1609 5149
480 401 5150
379 300 5151
402 3844 5152
288 1916 5153
367 311 5154
1050 355 5155
492 1193 5156
303 1491 5157
797 111 5158
104 525 5159
109 445 5160
99 1197 5161
3253 277 5162
3318 301 5163
1250 263 5164
3201 316 5165
2001 368 5166
563 292 5167
616 281 5168
2886 572 5169
988 260 5170
76 2793 5171
1395 281 5172
489 285 5173
1021 262 5174
346 272 5175
1102 281 5176
85 561 5177
1516 3165 5178
866 2351 5179
119 100 5180
3167 111 5181
4801 3489 5182
656 491 5183
773 2670 5184
811 84 5185
849 4214 5186
84 529 5187
1058 2587 5188
2495 3306 5189
2812 88 5190
286 3307 5191
584 287 5192
664 45 5193
351 353 5194
877 412 5195
1557 398 5196
112 263 5197
319 267 5198
653 803 5199
119 1241 5200
259 950 5201
99 1733 5202
1986 298 5203
105 667 5204
100 121 5205
507 3070 5206
68 289 5207
99 662 5208
107 412 5209
534 430 5210
97 264 5211
584 2592 5212
2381 107 5213
99 1401 5214
639 356 5215
344 832 5216
104 956 5217
306 882 5218
641 379 5219
1365 334 5220
289 766 5221
269 834 5222
416 327 5223
2000 263 5224
1336 532 5225
1548 1676 5226
84 1492 5227
1113 340 5228
535 261 5229
328 45 5230
1692 423 5231
261 747 5232
105 691 5233
299 1245 5234
107 2551 5235
524 1630 5236
994 313 5237
960 276 5238
688 379 5239
318 627 5240
424 445 5241
362 275 5242
102 268 5243
105 618 5244
261 1465 5245
2074 103 5246
101 433 5247
1099 1445 5248
111 976 5249
492 1831 5250
259 362 5251
263 434 5252
279 271 5253
87 349 5254
1974 266 5255
265 409 5256
394 573 5257
86 2984 5258
1091 1167 5259
286 2332 5260
1147 2222 5261
4436 550 5262
809 291 5263
83 67 5264
391 308 5265
714 2020 5266
316 291 5267
621 314 5268
102 582 5269
102 439 5270
844 1540 5271
727 291 5272
278 479 5273
758 980 5274
276 270 5275
98 1082 5276
69 1193 5277
280 112 5278
68 265 5279
4064 260 5280
1340 313 5281
108 655 5282
307 1200 5283
2929 457 5284
2819 3255 5285
326 356 5286
844 104 5287
344 488 5288
880 284 5289
318 889 5290
465 968 5291
326 698 5292
1019 304 5293
1873 355 5294
635 882 5295
2877 521 5296
368 2213 5297
776 272 5298
981 1530 5299
347 999 5300
4771 863 5301
105 313 5302
526 77 5303
33 681 5304
277 782 5305
786 257 5306
817 658 5307
71 277 5308
4720 691 5309
4649 69 5310
5310 5071 5311
286 2776 5312
1753 111 5313
800 2957 5314
715 376 5315
575 314 5316
101 369 5317
2672 1432 5318
309 2647 5319
2237 2825 5320
424 605 5321
2387 109 5322
311 1531 5323
487 3700 5324
339 1030 5325
115 271 5326
2473 292 5327
568 2647 5328
115 505 5329
104 647 5330
610 116 5331
1844 769 5332
539 107 5333
100 1875 5334
360 383 5335
489 300 5336
109 655 5337
99 694 5338
2935 99 5339
1111 300 5340
3786 115 5341
1307 263 5342
868 115 5343
951 1238 5344
83 274 5345
2043 1510 5346
67 1676 5347
109 505 5348
288 747 5349
281 1714 5350
988 305 5351
2616 3223 5352
776 873 5353
279 257 5354
823 294 5355
3246 266 5356
397 108 5357
1504 301 5358
311 425 5359
374 1631 5360
2669 336 5361
67 753 5362
5183 549 5363
4241 349 5364
1087 1475 5365
73 1358 5366
2986 4502 5367
1248 1077 5368
3592 4112 5369
1535 3283 5370
99 840 5371
537 120 5372
476 292 5373
2646 381 5374
103 807 5375
1341 369 5376
1612 429 5377
531 314 5378
115 338 5379
3833 102 5380
642 272 5381
1977 258 5382
498 969 5383
402 364 5384
2841 268 5385
97 3810 5386
104 423 5387
1442 605 5388
402 117 5389
445 3142 5390
303 496 5391
811 3255 5392
378 495 5393
901 407 5394
287 1415 5395
105 99 5396
300 2393 5397
1182 485 5398
471 1938 5399
277 525 5400
326 392 5401
1929 116 5402
261 1209 5403
349 505 5404
1344 263 5405
806 2319 5406
2677 387 5407
612 435 5408
69 4510 5409
504 533 5410
288 1170 5411
121 433 5412
318 1131 5413
326 308 5414
3364 270 5415
78 2326 5416
2035 114 5417
793 5315 5418
1756 827 5419
389 65 5420
106 1432 5421
307 754 5422
537 102 5423
1791 262 5424
111 276 5425
1002 263 5426
454 4159 5427
644 341 5428
332 308 5429
100 348 5430
344 688 5431
973 294 5432
3141 258 5433
1060 291 5434
934 267 5435
3053 259 5436
596 369 5437
741 406 5438
261 77 5439
2787 406 5440
316 314 5441
1256 291 5442
287 1405 5443
278 295 5444
272 262 5445
403 356 5446
278 481 5447
78 292 5448
119 273 5449
299 274 5450
701 900 5451
2806 807 5452
446 398 5453
868 360 5454
279 394 5455
115 301 5456
284 339 5457
3735 830 5458
2567 355 5459
441 333 5460
356 535 5461
1920 334 5462
713 275 5463
569 291 5464
2264 551 5465
410 990 5466
80 2290 5467
1741 348 5468
2795 406 5469
1584 1641 5470
720 442 5471
115 763 5472
1084 4605 5473
3971 971 5474
589 3798 5475
307 369 5476
5311 5182 5477
78 350 5478
286 2889 5479
2850 4722 5480
4055 1518 5481
71 390 5482
1150 365 5483
119 335 5484
968 358 5485
3725 32 5486
1817 336 5487
2411 300 5488
374 65 5489
418 541 5490
346 1417 5491
102 270 5492
410 754 5493
417 327 5494
338 4689 5495
2217 258 5496
118 1894 5497
1897 1491 5498
488 770 5499
1834 262 5500
399 2549 5501
972 290 5502
596 902 5503
4279 418 5504
1562 1074 5505
553 633 5506
100 467 5507
825 1458 5508
1579 121 5509
98 822 5510
637 740 5511
284 359 5512
267 632 5513
287 2364 5514
692 3602 5515
1137 2591 5516
514 633 5517
72 2740 5518
1427 32 5519
311 277 5520
59 478 5521
508 554 5522
330 104 5523
100 740 5524
859 1483 5525
1655 377 5526
1324 353 5527
288 1346 5528
602 843 5529
272 1074 5530
303 261 5531
3572 266 5532
271 91 5533
742 669 5534
98 598 5535
743 533 5536
272 261 5537
853 91 5538
1259 107 5539
67 1913 5540
1646 336 5541
1174 310 5542
502 1042 5543
488 762 5544
282 469 5545
4347 2326 5546
1339 271 5547
99 4556 5548
325 740 5549
3047 322 5550
63 426 5551
286 843 5552
385 76 5553
564 77 5554
482 583 5555
5555 350 5556
3203 2332 5557
517 1577 5558
2545 2454 5559
726 879 5560
385 3771 5561
1355 985 5562
5562 78 5563
899 5420 5564
86 427 5565
519 327 5566
116 258 5567
110 595 5568
1852 1316 5569
507 333 5570
100 377 5571
329 324 5572
1164 700 5573
870 336 5574
3288 277 5575
476 489 5576
278 801 5577
585 348 5578
587 291 5579
592 1212 5580
1507 719 5581
653 3314 5582
742 393 5583
262 379 5584
1578 294 5585
341 314 5586
430 460 5587
311 118 5588
3985 406 5589
112 694 5590
791 1063 5591
307 100 5592
367 121 5593
1625 575 5594
356 790 5595
454 2879 5596
2050 439 5597
358 459 5598
84 1530 5599
1934 1401 5600
66 266 5601
2867 3405 5602
410 302 5603
63 315 5604
896 308 5605
513 304 5606
1887 304 5607
523 1417 5608
603 110 5609
1176 301 5610
568 1578 5611
436 551 5612
1253 300 5613
2579 260 5614
2930 387 5615
648 418 5616
454 972 5617
1384 384 5618
4999 1140 5619
99 532 5620
1396 332 5621
282 551 5622
839 263 5623
3107 565 5624
117 818 5625
301 1343 5626
115 681 5627
261 752 5628
1137 700 5629
1120 263 5630
593 83 5631
2001 387 5632
2012 121 5633
2616 309 5634
2672 1513 5635
5549 380 5636
4465 626 5637
1614 4726 5638
4797 785 5639
1050 585 5640
87 1027 5641
784 1681 5642
85 5185 5643
72 3772 5644
79 366 5645
5645 276 5646
2045 111 5647
5558 5366 5648
90 470 5649
5563 376 5650
4808 3282 5651
294 314 5652
2295 612 5653
1762 270 5654
345 295 5655
614 662 5656
786 49 5657
393 435 5658
1544 572 5659
988 371 5660
724 112 5661
110 354 5662
262 308 5663
416 628 5664
1048 309 5665
309 3067 5666
1313 769 5667
3328 274 5668
1342 464 5669
593 573 5670
291 792 5671
454 1016 5672
1263 359 5673
507 2802 5674
108 1364 5675
2935 1699 5676
288 1264 5677
657 305 5678
796 359 5679
1011 289 5680
2662 711 5681
112 886 5682
102 852 5683
463 2649 5684
506 318 5685
1048 441 5686
578 263 5687
278 39 5688
299 640 5689
3374 600 5690
2432 377 5691
335 755 5692
269 2876 5693
449 327 5694
548 407 5695
259 39 5696
542 598 5697
34 261 5698
330 4050 5699
1522 559 5700
3857 2688 5701
670 277 5702
584 3878 5703
1113 501 5704
1022 1117 5705
261 2307 5706
2809 263 5707
850 257 5708
3077 3046 5709
67 338 5710
2514 700 5711
3199 424 5712
3166 3628 5713
2557 625 5714
683 2435 5715
5560 65 5716
894 281 5717
102 339 5718
291 332 5719
281 430 5720
1113 396 5721
675 300 5722
307 730 5723
464 100 5724
286 79 5725
2578 3417 5726
109 356 5727
716 439 5728
1502 696 5729
2285 575 5730
713 1153 5731
67 370 5732
1179 273 5733
1125 980 5734
321 373 5735
4031 115 5736
846 295 5737
978 1236 5738
2015 100 5739
2499 107 5740
642 543 5741
259 567 5742
756 259 5743
585 258 5744
267 118 5745
1836 441 5746
299 557 5747
724 568 5748
331 535 5749
477 263 5750
283 326 5751
39 360 5752
443 351 5753
4090 108 5754
318 695 5755
3057 652 5756
786 426 5757
283 489 5758
650 1288 5759
66 114 5760
100 2376 5761
2398 112 5762
1386 1152 5763
411 398 5764
3201 259 5765
99 966 5766
488 466 5767
1463 348 5768
991 781 5769
100 472 5770
909 1390 5771
4179 532 5772
862 441 5773
261 1597 5774
776 2793 5775
797 418 5776
346 373 5777
39 101 5778
1354 371 5779
433 869 5780
2812 1215 5781
5781 372 5782
1339 257 5783
385 785 5784
87 571 5785
508 437 5786
83 1208 5787
5642 3800 5788
683 3654 5789
1404 2670 5790
800 4157 5791
378 90 5792
84 2311 5793
800 3306 5794
378 69 5795
5177 79 5796
116 532 5797
1207 45 5798
382 333 5799
943 274 5800
116 335 5801
262 334 5802
307 1691 5803
278 3442 5804
1123 371 5805
675 415 5806
65 117 5807
461 516 5808
108 967 5809
66 521 5810
414 309 5811
275 313 5812
2516 3575 5813
764 265 5814
444 758 5815
285 749 5816
3831 266 5817
2772 260 5818
288 1868 5819
558 409 5820
102 1115 5821
429 291 5822
482 76 5823
102 2018 5824
269 1214 5825
116 373 5826
99 373 5827
288 1201 5828
548 1561 5829
514 551 5830
417 369 5831
400 655 5832
904 459 5833
334 1019 5834
2737 112 5835
2074 696 5836
433 83 5837
2339 463 5838
427 270 5839
77 378 5840
548 661 5841
502 819 5842
563 392 5843
843 263 5844
275 334 5845
382 640 5846
537 319 5847
2022 755 5848
2919 1432 5849
847 322 5850
537 4072 5851
422 261 5852
804 301 5853
3108 481 5854
298 671 5855
1031 919 5856
65 3463 5857
1330 1110 5858
526 66 5859
1477 1071 5860
5641 4269 5861
5861 491 5862
5862 879 5863
65 376 5864
374 3111 5865
3206 67 5866
529 69 5867
374 1744 5868
5649 79 5869
286 2823 5870
286 3386 5871
76 1979 5872
5872 90 5873
5873 491 5874
1087 384 5875
412 284 5876
115 590 5877
417 109 5878
277 632 5879
512 4401 5880
291 309 5881
803 813 5882
3310 2373 5883
454 368 5884
697 284 5885
349 520 5886
422 489 5887
1582 305 5888
2561 258 5889
285 1041 5890
344 334 5891
97 121 5892
2389 1190 5893
825 260 5894
341 710 5895
285 1623 5896
825 116 5897
610 1190 5898
99 328 5899
542 802 5900
291 1052 5901
119 427 5902
2426 484 5903
1852 387 5904
1850 262 5905
78 1020 5906
644 3292 5907
104 451 5908
108 4987 5909
504 511 5910
326 594 5911
2510 377 5912
308 883 5913
599 587 5914
321 598 5915
59 980 5916
465 770 5917
352 627 5918
880 423 5919
1934 519 5920
456 755 5921
105 258 5922
782 268 5923
1594 1450 5924
392 303 5925
289 264 5926
1048 3428 5927
34 257 5928
99 424 5929
1967 2054 5930
1673 860 5931
280 551 5932
462 1327 5933
1480 3171 5934
3941 272 5935
3996 687 5936
5778 531 5937
286 3125 5938
1380 549 5939
1891 1727 5940
103 320 5941
288 2629 5942
294 284 5943
972 2636 5944
2363 655 5945
286 3393 5946
66 105 5947
2544 737 5948
3075 272 5949
374 1758 5950
2705 3851 5951
286 3245 5952
5068 2326 5953
599 539 5954
305 493 5955
3341 274 5956
1354 441 5957
105 393 5958
1038 2649 5959
496 2814 5960
119 440 5961
1325 384 5962
362 98 5963
2579 116 5964
844 2511 5965
1361 779 5966
366 396 5967
1802 392 5968
333 314 5969
1291 377 5970
2681 260 5971
504 730 5972
1617 1067 5973
1956 616 5974
4750 902 5975
765 4293 5976
2409 331 5977
105 441 5978
523 522 5979
270 281 5980
2677 368 5981
1897 2020 5982
400 1856 5983
742 1493 5984
267 645 5985
4551 445 5986
1263 308 5987
122 122 5988
108 802 5989
497 398 5990
585 1228 5991
291 481 5992
98 427 5993
103 311 5994
962 606 5995
87 1355 5996
306 2840 5997
115 1079 5998
375 618 5999
83 101 6000
3243 256 6001
66 4959 6002
3909 470 6003
794 376 6004
5556 5416 6005
5866 2534 6006
4004 955 6007
1924 262 6008
102 445 6009
454 425 6010
4353 311 6011
443 487 6012
649 310 6013
1044 301 6014
493 1134 6015
274 541 6016
644 713 6017
341 284 6018
458 296 6019
623 632 6020
2662 956 6021
2271 398 6022
2316 109 6023
484 1591 6024
97 3191 6025
1199 266 6026
410 1148 6027
484 2426 6028
99 567 6029
704 406 6030
112 528 6031
609 3251 6032
1312 356 6033
393 112 6034
280 2050 6035
115 2836 6036
675 569 6037
935 332 6038
680 331 6039
538 331 6040
524 4784 6041
115 39 6042
402 2025 6043
321 802 6044
312 494 6045
3736 4925 6046
480 418 6047
103 2277 6048
326 1356 6049
508 424 6050
268 261 6051
5456 2358 6052
508 2414 6053
67 467 6054
411 708 6055
603 395 6056
1344 336 6057
786 3177 6058
859 687 6059
65 1831 6060
515 5618 6061
2795 328 6062
2907 929 6063
2215 266 6064
465 338 6065
415 300 6066
119 110 6067
1247 1487 6068
105 522 6069
358 2462 6070
897 111 6071
261 1214 6072
916 331 6073
108 339 6074
80 289 6075
492 68 6076
6076 4311 6077
105 273 6078
84 495 6079
589 3693 6080
495 899 6081
6081 811 6082
6082 6004 6083
1166 337 6084
5792 79 6085
4684 3373 6086
414 304 6087
934 323 6088
4523 347 6089
454 925 6090
306 265 6091
672 107 6092
1718 406 6093
519 733 6094
4400 812 6095
380 1129 6096
504 579 6097
318 573 6098
115 901 6099
837 262 6100
321 438 6101
590 573 6102
1361 453 6103
3158 605 6104
267 1121 6105
112 421 6106
1515 258 6107
277 640 6108
263 341 6109
400 1115 6110
745 569 6111
592 370 6112
4097 294 6113
1655 813 6114
610 3418 6115
299 423 6116
1112 1169 6117
309 367 6118
349 4862 6119
3036 270 6120
464 336 6121
663 331 6122
671 1034 6123
2804 304 6124
299 719 6125
991 524 6126
298 1435 6127
277 730 6128
651 308 6129
3254 813 6130
382 530 6131
988 414 6132
739 1581 6133
267 1861 6134
326 332 6135
288 1303 6136
492 114 6137
692 275 6138
915 452 6139
430 408 6140
104 660 6141
786 1140 6142
4423 527 6143
404 313 6144
509 108 6145
1708 355 6146
763 337 6147
1485 608 6148
753 525 6149
2844 320 6150
530 2501 6151
322 282 6152
65 5005 6153
2260 684 6154
1725 300 6155
3042 565 6156
3903 348 6157
103 272 6158
3150 655 6159
3997 328 6160
589 4153 6161
1738 941 6162
4799 2892 6163
938 1456 6164
1513 392 6165
589 390 6166
6166 413 6167
84 4845 6168
683 5061 6169
5307 1666 6170
86 3598 6171
1366 2890 6172
286 2754 6173
281 291 6174
821 358 6175
454 464 6176
268 414 6177
877 1439 6178
78 322 6179
2387 1137 6180
2662 620 6181
632 622 6182
72 475 6183
1209 586 6184
743 511 6185
4529 387 6186
3659 258 6187
2637 266 6188
305 100 6189
3600 310 6190
2979 270 6191
1397 616 6192
106 463 6193
1999 428 6194
487 2252 6195
570 298 6196
346 813 6197
295 478 6198
341 497 6199
1384 310 6200
119 2932 6201
102 1082 6202
3341 348 6203
764 121 6204
346 3702 6205
1648 441 6206
553 780 6207
3154 606 6208
1208 464 6209
1582 371 6210
1349 704 6211
1807 273 6212
5393 32 6213
720 3085 6214
438 459 6215
318 986 6216
2675 331 6217
105 510 6218
1333 261 6219
311 107 6220
111 510 6221
382 525 6222
457 291 6223
934 338 6224
263 627 6225
267 336 6226
3613 332 6227
522 291 6228
346 618 6229
897 674 6230
515 3828 6231
72 323 6232
776 732 6233
1789 3278 6234
318 1985 6235
4121 112 6236
352 828 6237
288 1214 6238
1521 337 6239
284 291 6240
403 5468 6241
1114 1790 6242
283 462 6243
102 312 6244
330 1491 6245
533 664 6246
471 441 6247
1379 1745 6248
1947 1152 6249
492 4483 6250
118 572 6251
5634 830 6252
269 1436 6253
286 1345 6254
116 282 6255
2557 785 6256
65 2915 6257
306 296 6258
4377 623 6259
5114 748 6260
87 350 6261
577 1713 6262
3187 309 6263
2543 1533 6264
385 3628 6265
517 83 6266
77 349 6267
1664 778 6268
6268 4182 6269
1614 953 6270
1091 82 6271
589 4394 6272
332 641 6273
553 840 6274
388 445 6275
263 459 6276
115 662 6277
2908 418 6278
4478 98 6279
102 362 6280
402 99 6281
293 2549 6282
1508 348 6283
1775 429 6284
2918 441 6285
1992 260 6286
353 291 6287
105 628 6288
311 545 6289
298 397 6290
1832 527 6291
507 744 6292
262 466 6293
430 544 6294
115 311 6295
657 371 6296
3836 621 6297
263 729 6298
115 108 6299
1006 484 6300
307 3664 6301
283 318 6302
4930 645 6303
360 429 6304
289 3603 6305
359 769 6306
97 1118 6307
3218 412 6308
530 3814 6309
67 455 6310
487 525 6311
426 91 6312
2698 684 6313
449 548 6314
1728 1510 6315
326 534 6316
98 476 6317
283 438 6318
708 344 6319
444 1435 6320
377 397 6321
115 493 6322
110 964 6323
476 261 6324
4878 121 6325
496 351 6326
114 265 6327
500 328 6328
2839 259 6329
1597 332 6330
1181 965 6331
288 1327 6332
308 1338 6333
4151 1213 6334
288 79 6335
477 112 6336
65 3236 6337
2273 372 6338
301 856 6339
326 1151 6340
1488 629 6341
282 548 6342
506 352 6343
648 700 6344
85 114 6345
269 1003 6346
2306 2446 6347
339 5111 6348
1339 256 6349
560 747 6350
2074 740 6351
83 5112 6352
286 3078 6353
1139 3906 6354
84 4682 6355
76 442 6356
6006 84 6357
656 75 6358
73 4429 6359
1075 311 6360
4022 4805 6361
325 6172 6362
286 3016 6363
499 333 6364
790 258 6365
1341 1590 6366
392 1849 6367
274 310 6368
1945 262 6369
108 323 6370
534 688 6371
4222 267 6372
278 1429 6373
267 2509 6374
105 122 6375
1596 919 6376
403 3567 6377
671 115 6378
400 97 6379
500 851 6380
558 4285 6381
104 447 6382
100 270 6383
70 1570 6384
299 105 6385
2772 116 6386
330 121 6387
311 391 6388
462 407 6389
537 103 6390
823 274 6391
4232 110 6392
339 32 6393
1000 740 6394
286 3502 6395
116 406 6396
515 261 6397
394 407 6398
543 5287 6399
603 3451 6400
118 814 6401
1174 384 6402
859 107 6403
2898 863 6404
45 587 6405
2676 32 6406
280 122 6407
1040 572 6408
1051 313 6409
394 91 6410
435 114 6411
465 680 6412
119 1057 6413
610 1323 6414
4261 418 6415
4132 259 6416
1038 263 6417
480 1994 6418
1754 1420 6419
4020 277 6420
463 261 6421
430 680 6422
1099 649 6423
3552 107 6424
454 106 6425
3377 1109 6426
1595 121 6427
80 65 6428
2076 1165 6429
263 332 6430
267 609 6431
275 531 6432
1754 309 6433
594 538 6434
311 298 6435
880 655 6436
3413 1453 6437
5939 372 6438
305 766 6439
117 97 6440
103 736 6441
77 445 6442
374 1738 6443
1957 384 6444
71 101 6445
6445 272 6446
2543 779 6447
3224 4683 6448
2884 6079 6449
793 76 6450
3744 5258 6451
6266 372 6452
443 955 6453
6270 549 6454
2756 277 6455
78 1027 6456
6456 389 6457
412 461 6458
99 585 6459
262 446 6460
610 260 6461
568 1116 6462
6011 1699 6463
496 572 6464
100 406 6465
110 667 6466
1092 617 6467
322 439 6468
117 103 6469
298 4407 6470
500 572 6471
1696 107 6472
262 597 6473
331 516 6474
742 122 6475
1354 305 6476
854 115 6477
2895 1076 6478
759 358 6479
1546 281 6480
121 462 6481
98 373 6482
101 257 6483
1284 87 6484
33 45 6485
2918 779 6486
261 1303 6487
1347 4657 6488
356 408 6489
513 100 6490
89 2441 6491
4591 412 6492
3866 259 6493
261 1264 6494
307 609 6495
855 101 6496
530 110 6497
261 997 6498
4527 684 6499
1571 263 6500
424 2461 6501
308 112 6502
552 650 6503
786 2810 6504
745 356 6505
499 694 6506
83 271 6507
1029 305 6508
122 348 6509
1915 110 6510
4636 1050 6511
1230 266 6512
734 296 6513
289 304 6514
3478 1512 6515
262 631 6516
455 798 6517
99 506 6518
117 276 6519
1024 256 6520
105 97 6521
344 1097 6522
574 358 6523
330 445 6524
326 1335 6525
1853 694 6526
424 328 6527
587 370 6528
1375 649 6529
280 437 6530
1506 1715 6531
2871 339 6532
4110 807 6533
69 5553 6534
4390 1590 6535
72 6263 6536
66 268 6537
794 85 6538
6538 3905 6539
286 2585 6540
5478 961 6541
5867 442 6542
470 390 6543
2755 316 6544
1132 259 6545
84 329 6546
99 311 6547
272 310 6548
400 1990 6549
2019 435 6550
291 345 6551
291 514 6552
1228 2378 6553
4277 260 6554
991 3236 6555
3213 317 6556
362 276 6557
475 1132 6558
77 582 6559
507 711 6560
108 1387 6561
943 268 6562
278 3398 6563
504 727 6564
39 700 6565
98 557 6566
4006 260 6567
2396 527 6568
285 1031 6569
291 383 6570
305 709 6571
320 260 6572
281 459 6573
1847 381 6574
1368 316 6575
4328 696 6576
594 651 6577
880 499 6578
267 260 6579
333 308 6580
1351 115 6581
2400 929 6582
1789 398 6583
267 689 6584
2510 98 6585
449 356 6586
267 262 6587
1029 960 6588
490 311 6589
3891 117 6590
1999 262 6591
112 1706 6592
329 371 6593
647 568 6594
298 437 6595
853 565 6596
1325 107 6597
3428 1747 6598
2907 908 6599
314 332 6600
1550 121 6601
1486 263 6602
449 360 6603
1244 1674 6604
282 593 6605
1472 368 6606
603 419 6607
513 780 6608
321 392 6609
318 79 6610
98 539 6611
1194 433 6612
421 331 6613
277 754 6614
530 489 6615
393 755 6616
261 894 6617
911 1742 6618
1199 553 6619
615 118 6620
367 674 6621
352 1303 6622
319 2492 6623
1797 32 6624
2356 1400 6625
259 1357 6626
267 640 6627
751 356 6628
1549 522 6629
1691 669 6630
1132 691 6631
430 663 6632
319 313 6633
5000 614 6634
83 105 6635
39 297 6636
341 856 6637
745 332 6638
3556 962 6639
675 669 6640
393 1508 6641
438 1008 6642
110 950 6643
98 416 6644
265 259 6645
66 275 6646
376 495 6647
115 93 6648
2595 89 6649
1220 687 6650
328 409 6651
938 272 6652
4387 3626 6653
72 2010 6654
74 282 6655
2726 405 6656
5787 4388 6657
5712 713 6658
549 2884 6659
6659 372 6660
1595 1810 6661
6541 3453 6662
918 808 6663
1644 4122 6664
5650 442 6665
1355 517 6666
6666 67 6667
269 269 6668
115 4029 6669
2250 432 6670
80 385 6671
1113 437 6672
2490 292 6673
102 539 6674
271 695 6675
2313 383 6676
6281 1072 6677
299 354 6678
880 321 6679
3597 842 6680
3156 1432 6681
4250 2252 6682
71 2713 6683
972 258 6684
117 290 6685
709 348 6686
267 1853 6687
507 338 6688
334 1448 6689
857 373 6690
942 262 6691
641 285 6692
321 967 6693
568 1632 6694
466 356 6695
1638 987 6696
673 45 6697
3312 391 6698
307 4368 6699
472 632 6700
99 455 6701
4034 110 6702
379 498 6703
1361 521 6704
1865 567 6705
1986 327 6706
312 516 6707
2433 49 6708
786 261 6709
305 525 6710
322 1609 6711
119 525 6712
1534 1600 6713
331 359 6714
465 460 6715
857 783 6716
601 459 6717
102 435 6718
580 910 6719
267 525 6720
468 261 6721
281 429 6722
534 484 6723
285 846 6724
349 2779 6725
434 769 6726
256 2742 6727
1552 736 6728
3705 441 6729
433 72 6730
84 416 6731
971 561 6732
6732 80 6733
89 350 6734
606 296 6735
89 3670 6736
396 1469 6737
1981 376 6738
3995 1930 6739
307 1405 6740
734 277 6741
69 109 6742
114 965 6743
262 344 6744
498 1030 6745
319 888 6746
106 527 6747
5637 298 6748
77 2753 6749
1631 785 6750
577 427 6751
5417 1390 6752
922 360 6753
4655 259 6754
286 3225 6755
683 4314 6756
829 892 6757
6663 69 6758
685 808 6759
6759 85 6760
6760 547 6761
470 887 6762
6762 66 6763
6763 576 6764
3091 3540 6765
6765 4116 6766
104 3723 6767
296 267 6768
353 383 6769
78 73 6770
338 377 6771
103 108 6772
590 407 6773
1305 262 6774
100 652 6775
2909 395 6776
4912 327 6777
103 2802 6778
805 415 6779
707 1063 6780
98 380 6781
104 704 6782
823 777 6783
1584 1600 6784
383 729 6785
278 882 6786
115 341 6787
311 2472 6788
4411 1153 6789
410 1071 6790
3856 4489 6791
951 297 6792
318 1099 6793
1420 45 6794
288 2254 6795
1655 532 6796
341 540 6797
102 676 6798
329 264 6799
99 1115 6800
3310 3756 6801
403 568 6802
3005 571 6803
334 2270 6804
1688 261 6805
3556 605 6806
461 1474 6807
2966 260 6808
3604 260 6809
465 604 6810
454 1316 6811
807 277 6812
523 274 6813
274 289 6814
454 3818 6815
370 524 6816
4259 1611 6817
650 466 6818
5086 919 6819
4078 387 6820
2702 842 6821
292 258 6822
1440 645 6823
456 369 6824
4424 370 6825
422 302 6826
110 275 6827
1528 616 6828
388 1877 6829
6733 6428 6830
112 673 6831
79 5929 6832
1259 258 6833
286 3533 6834
105 481 6835
1422 291 6836
302 101 6837
522 284 6838
431 1057 6839
3237 568 6840
2877 453 6841
702 1070 6842
2484 321 6843
325 414 6844
462 1809 6845
5996 495 6846
105 268 6847
100 532 6848
462 1099 6849
500 2478 6850
4919 97 6851
3091 976 6852
1789 463 6853
1621 415 6854
352 1916 6855
4900 2257 6856
109 355 6857
5638 5471 6858
537 418 6859
640 66 6860
577 4648 6861
5474 442 6862
5010 435 6863
1023 4154 6864
97 528 6865
495 4843 6866
2726 69 6867
286 3538 6868
4500 785 6869
3800 376 6870
77 2453 6871
71 4723 6872
2757 6453 6873
4152 275 6874
286 3358 6875
1883 80 6876
6876 3851 6877
495 726 6878
6878 390 6879
5795 4183 6880
286 3112 6881
110 3826 6882
590 503 6883
98 1829 6884
823 655 6885
558 633 6886
383 484 6887
83 104 6888
330 696 6889
99 445 6890
1034 1640 6891
341 697 6892
99 6558 6893
1843 110 6894
309 1178 6895
103 445 6896
1103 1183 6897
1011 3981 6898
115 513 6899
100 700 6900
2278 559 6901
5580 32 6902
278 1532 6903
641 331 6904
584 1075 6905
107 614 6906
2517 1841 6907
329 851 6908
4490 728 6909
108 662 6910
476 1121 6911
351 313 6912
436 32 6913
287 1200 6914
75 649 6915
2729 3724 6916
723 263 6917
308 839 6918
1730 633 6919
291 669 6920
112 258 6921
1397 263 6922
321 374 6923
301 289 6924
2527 383 6925
610 592 6926
351 1507 6927
1623 379 6928
353 421 6929
2217 101 6930
346 427 6931
87 4454 6932
2884 6484 6933
286 3863 6934
305 99 6935
457 284 6936
300 1119 6937
438 334 6938
1594 294 6939
3298 886 6940
319 342 6941
2440 266 6942
796 398 6943
400 275 6944
351 282 6945
1080 600 6946
362 441 6947
2353 267 6948
352 2699 6949
314 1966 6950
1234 1206 6951
693 488 6952
5693 270 6953
326 4295 6954
786 271 6955
2028 457 6956
2868 5761 6957
584 3902 6958
263 280 6959
382 984 6960
115 121 6961
568 445 6962
847 441 6963
463 2816 6964
691 110 6965
285 2594 6966
490 441 6967
72 349 6968
1177 2467 6969
1896 445 6970
58 310 6971
705 270 6972
2848 263 6973
537 351 6974
44 853 6975
1595 270 6976
438 308 6977
76 121 6978
2076 2847 6979
272 305 6980
440 262 6981
68 274 6982
331 383 6983
1077 80 6984
108 736 6985
80 101 6986
734 497 6987
301 353 6988
291 751 6989
1956 722 6990
84 4467 6991
1056 263 6992
263 67 6993
5243 424 6994
116 769 6995
1132 614 6996
121 111 6997
103 632 6998
4211 107 6999
3281 424 7000
77 645 7001
67 482 7002
2334 4184 7003
78 2822 7004
66 4840 7005
7005 1862 7006
286 4001 7007
6871 6670 7008
286 4115 7009
120 116 7010
264 284 7011
1125 722 7012
346 882 7013
102 2827 7014
578 333 7015
644 687 7016
1008 262 7017
584 464 7018
100 313 7019
402 1117 7020
5658 1160 7021
1243 441 7022
421 669 7023
820 300 7024
410 489 7025
277 1200 7026
1292 270 7027
678 1174 7028
281 516 7029
593 407 7030
319 582 7031
1361 309 7032
278 1183 7033
393 369 7034
117 1190 7035
2908 1894 7036
3465 1328 7037
411 332 7038
1467 740 7039
417 305 7040
261 2831 7041
464 120 7042
102 418 7043
346 321 7044
116 510 7045
1346 310 7046
539 1138 7047
424 962 7048
2736 412 7049
1092 32 7050
427 351 7051
311 1403 7052
3082 259 7053
2339 398 7054
702 453 7055
1084 261 7056
359 540 7057
319 525 7058
318 1170 7059
73 355 7060
285 659 7061
2484 1067 7062
925 6609 7063
1314 359 7064
261 72 7065
377 105 7066
116 527 7067
556 447 7068
3002 355 7069
97 328 7070
87 447 7071
1237 101 7072
506 574 7073
318 1225 7074
885 111 7075
1022 107 7076
494 300 7077
804 1443 7078
483 1593 7079
352 84 7080
533 826 7081
291 1055 7082
1501 2346 7083
3404 263 7084
363 285 7085
309 867 7086
261 889 7087
117 329 7088
67 1981 7089
549 4644 7090
639 591 7091
269 1753 7092
272 97 7093
367 2407 7094
2887 314 7095
854 1606 7096
321 412 7097
318 698 7098
433 284 7099
1594 1007 7100
6843 427 7101
657 298 7102
2028 1154 7103
496 109 7104
1424 801 7105
551 407 7106
417 2540 7107
3478 1090 7108
3458 4633 7109
98 586 7110
103 428 7111
433 79 7112
1036 277 7113
374 2410 7114
72 6165 7115
912 549 7116
1047 69 7117
7117 944 7118
1260 350 7119
7119 625 7120
80 5032 7121
73 2974 7122
5262 6766 7123
89 79 7124
97 2333 7125
119 313 7126
760 674 7127
367 1520 7128
58 394 7129
651 331 7130
764 117 7131
1895 840 7132
1843 428 7133
1604 673 7134
1399 262 7135
281 434 7136
293 628 7137
305 276 7138
311 1433 7139
1386 1009 7140
262 312 7141
429 520 7142
383 488 7143
103 1001 7144
1160 313 7145
978 2718 7146
1038 2816 7147
1485 521 7148
599 575 7149
449 364 7150
380 305 7151
5083 327 7152
570 902 7153
1709 331 7154
2455 115 7155
729 285 7156
280 500 7157
1789 605 7158
862 445 7159
626 532 7160
1291 447 7161
330 267 7162
555 503 7163
2865 291 7164
4697 119 7165
498 875 7166
418 121 7167
524 1328 7168
3402 291 7169
291 701 7170
3288 391 7171
349 258 7172
68 257 7173
545 3228 7174
3060 548 7175
837 2816 7176
5147 662 7177
1341 755 7178
786 565 7179
367 107 7180
315 256 7181
358 334 7182
321 326 7183
502 882 7184
432 284 7185
317 568 7186
712 1328 7187
261 1225 7188
593 997 7189
111 103 7190
388 341 7191
2022 100 7192
845 261 7193
291 604 7194
508 5100 7195
2839 902 7196
1296 1930 7197
1089 430 7198
109 335 7199
1013 283 7200
82 1355 7201
2991 481 7202
104 618 7203
468 2810 7204
76 101 7205
465 1694 7206
681 284 7207
998 2941 7208
99 1991 7209
427 755 7210
615 369 7211
83 424 7212
257 91 7213
352 894 7214
2658 1390 7215
4178 706 7216
307 2530 7217
258 281 7218
80 272 7219
411 710 7220
568 3681 7221
1393 67 7222
3254 777 7223
551 337 7224
1123 1383 7225
3669 595 7226
309 3396 7227
589 543 7228
268 111 7229
45 45 7230
3126 369 7231
5238 274 7232
2484 117 7233
2045 273 7234
5947 3316 7235
1077 5187 7236
286 3385 7237
3264 1810 7238
1631 3749 7239
1207 115 7240
686 111 7241
3209 1802 7242
529 263 7243
943 1568 7244
102 1707 7245
368 108 7246
5322 294 7247
271 573 7248
270 300 7249
604 4915 7250
101 374 7251
267 782 7252
98 873 7253
444 541 7254
101 1938 7255
5381 428 7256
309 6289 7257
266 304 7258
593 503 7259
83 3216 7260
913 329 7261
334 1223 7262
4163 270 7263
65 100 7264
827 330 7265
69 1553 7266
287 727 7267
1312 867 7268
424 1117 7269
1201 569 7270
998 554 7271
2316 270 7272
5596 110 7273
301 268 7274
314 870 7275
293 404 7276
308 665 7277
1864 304 7278
5602 1140 7279
39 414 7280
2632 263 7281
5568 304 7282
300 70 7283
282 352 7284
837 115 7285
739 112 7286
349 111 7287
626 112 7288
69 108 7289
259 1598 7290
121 526 7291
400 421 7292
259 1629 7293
2285 311 7294
2260 755 7295
1516 2024 7296
356 341 7297
932 330 7298
265 548 7299
5048 381 7300
275 369 7301
3318 381 7302
322 261 7303
1011 713 7304
3479 441 7305
1029 1228 7306
523 801 7307
689 289 7308
1016 339 7309
955 441 7310
1783 118 7311
276 261 7312
823 813 7313
542 783 7314
1673 1169 7315
524 3155 7316
368 45 7317
1667 457 7318
642 274 7319
430 331 7320
98 673 7321
334 1462 7322
1931 256 7323
5965 445 7324
4954 349 7325
487 3248 7326
5357 109 7327
972 107 7328
779 284 7329
4796 2257 7330
3002 412 7331
492 3090 7332
388 2861 7333
462 285 7334
7113 456 7335
82 634 7336
1013 1052 7337
6534 1141 7338
482 448 7339
1818 103 7340
80 1823 7341
426 622 7342
6870 879 7343
470 7002 7344
7344 77 7345
66 3927 7346
286 3560 7347
4022 5012 7348
73 372 7349
267 1578 7350
332 544 7351
412 291 7352
535 592 7353
862 329 7354
476 579 7355
890 98 7356
278 329 7357
101 316 7358
281 344 7359
375 3702 7360
351 640 7361
333 391 7362
454 1675 7363
3055 484 7364
3092 1513 7365
346 4857 7366
263 1233 7367
1488 314 7368
307 745 7369
653 4482 7370
82 521 7371
335 830 7372
400 1432 7373
267 727 7374
1869 531 7375
285 458 7376
83 2414 7377
307 1640 7378
471 4745 7379
66 3787 7380
841 1532 7381
1330 4065 7382
414 1699 7383
642 329 7384
1935 310 7385
507 620 7386
98 671 7387
1338 263 7388
103 640 7389
97 735 7390
280 100 7391
713 807 7392
421 688 7393
537 499 7394
1508 521 7395
5748 812 7396
281 911 7397
946 600 7398
599 262 7399
635 274 7400
560 407 7401
1355 2033 7402
7402 68 7403
1525 1510 7404
351 606 7405
345 1127 7406
39 421 7407
266 261 7408
116 4831 7409
544 332 7410
311 2025 7411
548 2491 7412
418 112 7413
98 1183 7414
352 72 7415
1851 270 7416
1309 379 7417
331 494 7418
286 3517 7419
3423 360 7420
516 931 7421
598 337 7422
2631 521 7423
288 2000 7424
309 3727 7425
1587 415 7426
2043 2425 7427
329 628 7428
693 594 7429
3200 463 7430
2885 32 7431
97 674 7432
3243 271 7433
2370 415 7434
114 355 7435
2566 1529 7436
1105 3871 7437
415 308 7438
663 332 7439
7089 86 7440
508 3809 7441
314 67 7442
115 1965 7443
6337 440 7444
1646 263 7445
119 3440 7446
523 265 7447
6984 6738 7448
115 1408 7449
433 407 7450
2396 1090 7451
352 1133 7452
5175 282 7453
97 120 7454
6931 282 7455
98 472 7456
3866 902 7457
3885 409 7458
488 631 7459
558 328 7460
268 1810 7461
99 423 7462
97 266 7463
5057 405 7464
471 881 7465
1511 3242 7466
1957 1483 7467
82 365 7468
2529 259 7469
3425 427 7470
389 549 7471
1506 79 7472
67 3593 7473
547 86 7474
286 3109 7475
1631 625 7476
6664 578 7477
286 3801 7478
286 3948 7479
4725 481 7480
6543 3224 7481
84 5564 7482
1393 3282 7483
885 4769 7484
322 412 7485
99 812 7486
847 298 7487
1773 268 7488
100 3259 7489
1048 305 7490
3308 1043 7491
307 4245 7492
84 1198 7493
393 1619 7494
942 100 7495
4403 507 7496
110 1183 7497
330 740 7498
4164 1532 7499
742 628 7500
98 4446 7501
1776 333 7502
306 510 7503
823 499 7504
504 782 7505
116 449 7506
76 527 7507
318 690 7508
110 582 7509
121 289 7510
309 102 7511
307 942 7512
3119 32 7513
713 571 7514
1451 1417 7515
2745 842 7516
2219 310 7517
309 1323 7518
424 3191 7519
98 421 7520
97 319 7521
1885 262 7522
827 861 7523
663 285 7524
724 4730 7525
2023 398 7526
459 973 7527
571 3174 7528
102 3984 7529
263 534 7530
383 698 7531
584 314 7532
118 532 7533
112 296 7534
507 386 7535
806 2580 7536
671 1377 7537
261 314 7538
322 525 7539
508 618 7540
291 1559 7541
7403 718 7542
2295 377 7543
480 795 7544
960 298 7545
1428 313 7546
767 622 7547
98 1624 7548
1304 503 7549
299 525 7550
59 722 7551
960 4770 7552
3371 640 7553
3459 830 7554
308 3003 7555
375 1042 7556
424 2407 7557
266 349 7558
1103 3423 7559
366 121 7560
351 369 7561
360 344 7562
288 1436 7563
1032 39 7564
1559 262 7565
5108 557 7566
535 374 7567
288 1099 7568
288 1209 7569
312 476 7570
506 469 7571
3507 4866 7572
649 261 7573
868 593 7574
119 2026 7575
416 108 7576
59 2251 7577
748 2461 7578
284 516 7579
4151 1674 7580
476 105 7581
71 97 7582
449 120 7583
960 267 7584
414 628 7585
105 427 7586
798 300 7587
347 7111 7588
362 1015 7589
491 5784 7590
521 416 7591
75 3485 7592
71 3625 7593
71 1389 7594
1614 817 7595
7595 376 7596
1048 360 7597
3486 2362 7598
87 6647 7599
7599 1196 7600
77 3697 7601
65 4846 7602
7311 1825 7603
577 5953 7604
504 754 7605
345 2436 7606
121 608 7607
295 489 7608
267 2237 7609
461 7123 7610
362 371 7611
317 1470 7612
3830 331 7613
621 291 7614
416 267 7615
680 308 7616
1558 1615 7617
497 359 7618
319 758 7619
420 396 7620
1156 310 7621
6370 428 7622
399 4813 7623
3082 316 7624
2979 3118 7625
1508 274 7626
1323 4366 7627
338 423 7628
1353 262 7629
264 291 7630
2518 262 7631
1223 336 7632
281 498 7633
306 1417 7634
2976 310 7635
507 527 7636
1342 304 7637
115 499 7638
314 708 7639
1060 314 7640
332 358 7641
97 704 7642
760 121 7643
1507 267 7644
1123 305 7645
4495 321 7646
83 322 7647
399 1052 7648
493 321 7649
410 597 7650
339 1819 7651
1652 421 7652
534 488 7653
1243 298 7654
537 290 7655
1517 378 7656
1998 537 7657
1102 651 7658
833 540 7659
282 101 7660
972 276 7661
680 300 7662
6047 1600 7663
749 332 7664
601 285 7665
1008 336 7666
267 1844 7667
352 622 7668
114 421 7669
291 569 7670
287 1861 7671
3127 1403 7672
758 419 7673
1484 308 7674
443 326 7675
1340 525 7676
1396 285 7677
289 347 7678
99 333 7679
753 640 7680
1395 1101 7681
993 260 7682
5672 275 7683
642 354 7684
2300 393 7685
2308 1529 7686
1852 368 7687
379 488 7688
4835 1074 7689
98 655 7690
375 1015 7691
594 408 7692
5617 1793 7693
2450 356 7694
112 355 7695
496 348 7696
670 266 7697
2538 310 7698
490 276 7699
98 440 7700
352 65 7701
288 68 7702
87 1530 7703
1633 4038 7704
261 2483 7705
438 434 7706
574 738 7707
796 308 7708
493 356 7709
2761 263 7710
663 430 7711
1973 4182 7712
97 360 7713
119 582 7714
285 1671 7715
1756 313 7716
357 1533 7717
454 5087 7718
942 310 7719
465 1984 7720
332 790 7721
742 571 7722
414 100 7723
332 476 7724
4135 952 7725
357 4501 7726
555 747 7727
449 103 7728
506 326 7729
345 5004 7730
1092 45 7731
763 407 7732
563 1020 7733
362 404 7734
2359 360 7735
257 67 7736
1339 394 7737
861 3934 7738
741 1476 7739
314 522 7740
776 656 7741
446 321 7742
3007 105 7743
7586 268 7744
5807 6974 7745
4428 481 7746
114 532 7747
1912 592 7748
5785 487 7749
7749 418 7750
87 66 7751
7751 2504 7752
794 87 7753
589 1498 7754
7754 69 7755
4110 1132 7756
1404 2406 7757
2571 6753 7758
79 996 7759
286 4562 7760
374 1382 7761
306 423 7762
6978 4604 7763
69 827 7764
7236 3696 7765
6764 1650 7766
7766 372 7767
6667 6356 7768
70 5118 7769
305 4476 7770
1000 610 7771
416 2213 7772
1477 310 7773
631 331 7774
303 277 7775
845 310 7776
116 45 7777
429 331 7778
84 810 7779
382 558 7780
3053 316 7781
585 803 7782
1508 453 7783
283 2712 7784
1086 640 7785
114 275 7786
804 384 7787
514 310 7788
321 783 7789
1351 360 7790
934 266 7791
1176 1593 7792
410 1554 7793
1378 445 7794
105 1383 7795
406 314 7796
472 640 7797
77 1624 7798
588 100 7799
799 285 7800
291 745 7801
684 310 7802
3689 294 7803
119 965 7804
87 5390 7805
870 45 7806
265 1072 7807
2455 392 7808
764 338 7809
4365 259 7810
2416 6213 7811
599 369 7812
1897 423 7813
1817 263 7814
1111 1218 7815
1315 263 7816
6218 2383 7817
282 112 7818
102 1183 7819
396 327 7820
513 3361 7821
269 2412 7822
307 1051 7823
467 1048 7824
318 1059 7825
1204 1593 7826
444 101 7827
2262 294 7828
1254 1510 7829
75 110 7830
802 573 7831
1160 5233 7832
3230 1513 7833
454 537 7834
341 370 7835
269 2746 7836
1887 1433 7837
2641 316 7838
702 377 7839
2664 331 7840
318 1201 7841
262 356 7842
2774 1024 7843
1207 360 7844
430 358 7845
459 1637 7846
1697 977 7847
259 598 7848
39 348 7849
99 612 7850
937 258 7851
3200 398 7852
381 314 7853
786 3431 7854
2291 1512 7855
355 308 7856
1499 260 7857
105 3181 7858
1405 263 7859
65 69 7860
350 79 7861
470 3232 7862
67 328 7863
102 357 7864
560 1133 7865
77 354 7866
4077 264 7867
80 1182 7868
1782 304 7869
318 2582 7870
119 5932 7871
540 1124 7872
454 974 7873
303 2020 7874
352 66 7875
2325 782 7876
750 305 7877
3342 100 7878
1625 369 7879
121 4147 7880
278 1245 7881
3735 108 7882
411 497 7883
3359 276 7884
760 328 7885
692 1035 7886
2519 310 7887
424 3776 7888
2409 332 7889
643 3670 7890
1896 5209 7891
2906 7744 7892
277 1051 7893
1205 7725 7894
1119 284 7895
543 414 7896
80 7000 7897
87 620 7898
657 4154 7899
2560 1407 7900
938 5115 7901
378 996 7902
715 89 7903
71 6770 7904
413 365 7905
7905 549 7906
286 3947 7907
68 391 7908
4431 4213 7909
74 529 7910
5554 1801 7911
811 390 7912
84 5793 7913
1025 266 7914
1753 273 7915
683 4392 7916
577 5119 7917
72 117 7918
557 3436 7919
584 496 7920
349 435 7921
553 409 7922
1362 527 7923
271 67 7924
1036 317 7925
903 4160 7926
1362 457 7927
4967 387 7928
590 997 7929
3321 258 7930
393 657 7931
545 1452 7932
271 622 7933
1370 314 7934
493 258 7935
267 2364 7936
318 869 7937
307 3215 7938
1397 310 7939
271 80 7940
267 1143 7941
118 528 7942
114 104 7943
424 298 7944
344 359 7945
648 32 7946
937 369 7947
105 818 7948
1330 1240 7949
1407 107 7950
4490 572 7951
490 305 7952
328 105 7953
98 356 7954
675 332 7955
300 1716 7956
39 1469 7957
4405 116 7958
557 118 7959
743 579 7960
341 520 7961
288 4226 7962
324 3785 7963
400 1134 7964
844 1853 7965
2866 908 7966
903 109 7967
317 377 7968
671 481 7969
392 291 7970
1011 2481 7971
1021 263 7972
73 4542 7973
318 622 7974
924 258 7975
828 281 7976
115 2018 7977
1526 3041 7978
99 1706 7979
97 458 7980
3584 291 7981
650 544 7982
552 5523 7983
615 575 7984
267 45 7985
782 370 7986
352 1868 7987
3921 261 7988
1463 363 7989
489 281 7990
593 661 7991
417 298 7992
584 568 7993
509 298 7994
3898 1672 7995
3088 1111 7996
118 267 7997
446 1579 7998
84 354 7999
927 100 8000
1157 473 8001
637 105 8002
1751 284 8003
326 488 8004
951 110 8005
330 373 8006
1298 970 8007
341 1966 8008
4460 532 8009
885 362 8010
329 605 8011
481 286 8012
519 713 8013
411 370 8014
543 2681 8015
102 1547 8016
333 629 8017
311 2407 8018
506 374 8019
4890 285 8020
4303 5620 8021
743 782 8022
1543 4760 8023
392 308 8024
803 777 8025
335 568 8026
72 1042 8027
352 573 8028
542 967 8029
86 385 8030
585 322 8031
284 591 8032
502 323 8033
2745 863 8034
1341 1555 8035
877 282 8036
500 347 8037
112 267 8038
308 1351 8039
514 727 8040
739 1403 8041
318 1112 8042
114 1082 8043
599 109 8044
955 4606 8045
4261 2238 8046
6742 803 8047
4336 1076 8048
3253 391 8049
308 115 8050
1013 569 8051
280 276 8052
277 261 8053
97 1075 8054
6935 1028 8055
847 122 8056
293 633 8057
3823 406 8058
5251 322 8059
298 926 8060
269 2254 8061
1107 3028 8062
104 882 8063
536 442 8064
555 285 8065
4902 486 8066
286 4267 8067
440 45 8068
288 1465 8069
750 5180 8070
98 5640 8071
71 3596 8072
776 3672 8073
643 289 8074
83 496 8075
862 276 8076
985 3625 8077
68 89 8078
560 83 8079
1644 871 8080
75 4079 8081
3048 1173 8082
4387 1004 8083
589 470 8084
115 1166 8085
286 4315 8086
341 356 8087
571 317 8088
34 32 8089
3246 294 8090
558 1076 8091
332 821 8092
3154 412 8093
112 445 8094
2327 628 8095
443 842 8096
1438 440 8097
647 532 8098
5375 274 8099
121 447 8100
443 100 8101
265 112 8102
267 1148 8103
862 1991 8104
804 381 8105
318 1868 8106
1522 1017 8107
267 3681 8108
275 409 8109
604 805 8110
1109 262 8111
414 830 8112
1311 334 8113
461 710 8114
1045 274 8115
362 296 8116
346 445 8117
878 531 8118
1031 717 8119
102 2618 8120
305 527 8121
461 284 8122
475 100 8123
110 2964 8124
1037 341 8125
691 428 8126
291 1049 8127
108 1940 8128
262 591 8129
1323 309 8130
443 1293 8131
424 2465 8132
1113 290 8133
347 304 8134
424 107 8135
356 1790 8136
893 308 8137
277 100 8138
7656 7173 8139
963 69 8140
274 645 8141
4276 704 8142
82 97 8143
4981 1001 8144
537 412 8145
500 319 8146
115 920 8147
4014 259 8148
689 664 8149
2879 440 8150
789 3251 8151
109 349 8152
63 1024 8153
1292 2840 8154
881 105 8155
275 414 8156
1692 682 8157
698 1642 8158
1645 261 8159
751 591 8160
328 1129 8161
515 3686 8162
574 300 8163
2783 270 8164
1499 2052 8165
1480 261 8166
1728 2425 8167
2778 101 8168
1405 261 8169
98 711 8170
1109 263 8171
267 5435 8172
309 2843 8173
1162 308 8174
328 261 8175
326 712 8176
2398 101 8177
1799 316 8178
1499 1193 8179
329 97 8180
877 506 8181
1419 323 8182
635 1042 8183
402 2611 8184
45 310 8185
1197 314 8186
469 383 8187
1851 1417 8188
282 275 8189
455 419 8190
388 1291 8191
1869 264 8192
306 801 8193
558 840 8194
1563 333 8195
375 2668 8196
709 412 8197
299 1629 8198
263 1232 8199
614 525 8200
2812 918 8201
1116 314 8202
2818 1444 8203
8203 73 8204
8204 389 8205
97 336 8206
621 284 8207
848 259 8208
87 795 8209
506 989 8210
523 3620 8211
548 1998 8212
4355 1306 8213
104 356 8214
443 433 8215
1019 2476 8216
3971 71 8217
8217 2955 8218
393 119 8219
513 391 8220
75 303 8221
683 7590 8222
5857 120 8223
5009 2890 8224
1323 277 8225
6258 344 8226
75 1364 8227
5760 732 8228
884 2017 8229
76 718 8230
8230 971 8231
8231 7902 8232
1267 73 8233
8233 7904 8234
8234 350 8235
70 2358 8236
329 275 8237
286 4187 8238
1025 3697 8239
1025 4188 8240
5644 576 8241
1548 3746 8242
7201 7473 8243
72 4472 8244
5864 4474 8245
286 3207 8246
1511 84 8247
5710 673 8248
1002 262 8249
42 42 8250
471 116 8251
953 495 8252
1181 317 8253
1603 762 8254
449 298 8255
903 117 8256
3363 4571 8257
388 1043 8258
298 2663 8259
2946 723 8260
1780 341 8261
6193 471 8262
116 655 8263
490 1383 8264
309 545 8265
1354 97 8266
116 467 8267
3238 377 8268
119 772 8269
555 1099 8270
3659 353 8271
648 266 8272
367 1604 8273
572 284 8274
102 921 8275
391 291 8276
302 819 8277
2806 1153 8278
102 451 8279
266 438 8280
400 377 8281
345 7157 8282
367 341 8283
1451 348 8284
802 407 8285
538 334 8286
489 332 8287
670 111 8288
262 569 8289
4981 275 8290
5139 377 8291
298 725 8292
789 6387 8293
545 102 8294
307 571 8295
1562 1366 8296
309 584 8297
105 327 8298
1965 262 8299
3426 976 8300
259 1707 8301
98 320 8302
305 353 8303
2249 426 8304
83 4257 8305
83 7051 8306
70 474 8307
1653 270 8308
1363 4528 8309
270 291 8310
1804 5688 8311
402 441 8312
1557 571 8313
502 294 8314
444 719 8315
2253 260 8316
1900 263 8317
274 825 8318
653 568 8319
383 688 8320
312 4459 8321
100 1033 8322
614 632 8323
121 574 8324
261 2488 8325
1497 1893 8326
299 598 8327
295 438 8328
623 282 8329
348 284 8330
1459 263 8331
994 640 8332
2240 727 8333
835 300 8334
462 695 8335
955 349 8336
454 8002 8337
422 438 8338
2343 772 8339
1360 2913 8340
261 2403 8341
1059 300 8342
300 2284 8343
596 830 8344
416 109 8345
1263 398 8346
2352 742 8347
1696 353 8348
1354 259 8349
117 531 8350
714 373 8351
349 275 8352
339 1143 8353
383 538 8354
269 518 8355
360 291 8356
117 393 8357
461 383 8358
1558 387 8359
5050 1493 8360
786 3277 8361
288 2282 8362
2611 353 8363
394 661 8364
355 569 8365
930 3453 8366
8366 6734 8367
500 308 8368
67 497 8369
1440 266 8370
915 5302 8371
790 374 8372
755 407 8373
318 1303 8374
288 1561 8375
74 455 8376
8376 321 8377
1291 655 8378
287 409 8379
111 1741 8380
1324 101 8381
5264 95 8382
876 313 8383
318 1264 8384
1664 625 8385
555 580 8386
73 4108 8387
1203 291 8388
3733 282 8389
6250 6341 8390
942 264 8391
1231 284 8392
5511 1033 8393
1012 832 8394
312 931 8395
281 383 8396
4372 667 8397
4957 277 8398
458 1127 8399
86 378 8400
469 788 8401
4566 5639 8402
121 555 8403
658 785 8404
46 2644 8405
7752 89 8406
756 4641 8407
80 7470 8408
1098 413 8409
78 543 8410
1087 103 8411
1494 77 8412
426 337 8413
2560 98 8414
286 2871 8415
589 966 8416
1025 930 8417
72 5186 8418
365 918 8419
286 4520 8420
3508 521 8421
1783 339 8422
7910 564 8423
8423 1077 8424
547 1284 8425
8425 1261 8426
8426 566 8427
286 3629 8428
4500 376 8429
8429 576 8430
79 923 8431
8431 7753 8432
117 99 8433
312 520 8434
266 105 8435
1172 84 8436
410 341 8437
762 331 8438
256 7610 8439
1168 122 8440
1243 4191 8441
267 1200 8442
590 1133 8443
455 478 8444
514 840 8445
1569 114 8446
314 1049 8447
114 4809 8448
100 317 8449
393 118 8450
4163 387 8451
5661 1134 8452
344 594 8453
318 76 8454
382 3231 8455
1376 304 8456
6290 109 8457
323 457 8458
328 423 8459
8459 694 8460
115 2436 8461
461 792 8462
1407 493 8463
69 4485 8464
318 1317 8465
267 278 8466
2050 435 8467
1747 950 8468
500 387 8469
360 334 8470
881 330 8471
104 620 8472
7161 822 8473
3838 313 8474
2737 621 8475
5135 276 8476
67 401 8477
8296 572 8478
3265 1470 8479
1528 511 8480
543 859 8481
425 262 8482
935 594 8483
1509 260 8484
2497 1104 8485
1620 351 8486
1167 264 8487
321 462 8488
3212 274 8489
347 276 8490
71 266 8491
319 412 8492
2798 2740 8493
4823 733 8494
292 108 8495
492 108 8496
109 121 8497
1594 2265 8498
73 1259 8499
6054 347 8500
391 283 8501
1073 301 8502
1386 270 8503
1331 356 8504
960 396 8505
6139 32 8506
356 460 8507
3024 39 8508
400 294 8509
1397 261 8510
588 1741 8511
272 2701 8512
1800 4140 8513
4259 2540 8514
66 330 8515
330 319 8516
3903 274 8517
1721 315 8518
502 275 8519
294 629 8520
4753 696 8521
282 1617 8522
4832 368 8523
898 5957 8524
4230 842 8525
571 272 8526
1537 616 8527
1016 3781 8528
519 1433 8529
2291 1090 8530
5088 294 8531
351 1262 8532
359 2272 8533
1549 569 8534
1857 264 8535
449 115 8536
5814 2934 8537
932 323 8538
2895 116 8539
291 2329 8540
2482 1111 8541
8184 537 8542
1770 1193 8543
734 370 8544
7090 68 8545
8545 442 8546
103 543 8547
514 100 8548
388 687 8549
331 446 8550
1041 3234 8551
3158 962 8552
33 763 8553
1353 295 8554
74 2374 8555
469 300 8556
642 895 8557
288 698 8558
8385 5546 8559
681 308 8560
1203 1445 8561
383 356 8562
555 83 8563
1315 310 8564
507 320 8565
3061 900 8566
458 392 8567
98 262 8568
2567 1109 8569
841 732 8570
116 457 8571
703 3405 8572
400 328 8573
116 783 8574
1197 284 8575
68 452 8576
673 486 8577
462 65 8578
116 2377 8579
2546 102 8580
59 315 8581
259 5223 8582
1083 562 8583
3804 4199 8584
2306 1116 8585
555 65 8586
2798 272 8587
6163 1014 8588
2960 919 8589
7232 696 8590
79 376 8591
403 7748 8592
4716 647 8593
2613 281 8594
286 4186 8595
4653 107 8596
1077 1650 8597
561 1453 8598
286 4000 8599
1840 3911 8600
286 4271 8601
773 6170 8602
77 930 8603
8419 79 8604
3592 350 8605
491 2016 8606
8606 87 8607
2495 4157 8608
5069 441 8609
5482 5869 8610
1883 5190 8611
83 3283 8612
3092 1432 8613
414 667 8614
267 984 8615
697 291 8616
311 493 8617
537 713 8618
83 955 8619
449 445 8620
2834 336 8621
119 268 8622
328 633 8623
4440 6466 8624
307 1621 8625
513 298 8626
2919 1513 8627
73 310 8628
103 1364 8629
391 284 8630
3887 259 8631
6378 813 8632
3678 484 8633
524 402 8634
903 327 8635
317 1974 8636
753 984 8637
560 1874 8638
632 573 8639
5135 290 8640
105 328 8641
4928 116 8642
332 663 8643
2278 813 8644
1451 363 8645
844 592 8646
322 632 8647
458 295 8648
1440 267 8649
3733 353 8650
2440 1007 8651
4092 258 8652
1653 428 8653
3552 384 8654
345 1111 8655
4228 266 8656
262 358 8657
82 265 8658
2613 423 8659
2024 73 8660
3667 263 8661
739 464 8662
698 1949 8663
1339 853 8664
1709 332 8665
332 680 8666
514 333 8667
97 317 8668
115 3978 8669
6326 572 8670
496 274 8671
2428 285 8672
472 525 8673
1653 1363 8674
751 494 8675
3265 606 8676
491 378 8677
119 4062 8678
751 359 8679
116 338 8680
295 326 8681
104 939 8682
1199 441 8683
108 1398 8684
312 4789 8685
6812 1554 8686
1237 119 8687
45 646 8688
515 4542 8689
2343 982 8690
594 663 8691
112 4345 8692
114 595 8693
853 1289 8694
110 1002 8695
551 661 8696
578 295 8697
400 1866 8698
281 1667 8699
267 1972 8700
584 1211 8701
3348 266 8702
73 2075 8703
526 1787 8704
5298 264 8705
671 1320 8706
4247 777 8707
467 409 8708
2076 86 8709
115 2589 8710
1599 358 8711
39 1039 8712
5919 1213 8713
468 3277 8714
1582 4477 8715
8436 95 8716
124 8382 8717
1205 4638 8718
1371 525 8719
1019 4847 8720
462 1874 8721
506 327 8722
4274 314 8723
112 416 8724
84 97 8725
2045 481 8726
593 1133 8727
355 422 8728
774 256 8729
117 1369 8730
3436 321 8731
433 1724 8732
774 257 8733
318 3381 8734
389 376 8735
83 8140 8736
298 2103 8737
274 6471 8738
4240 4467 8739
356 411 8740
781 969 8741
1846 291 8742
1945 360 8743
87 321 8744
458 261 8745
1498 4311 8746
4796 3046 8747
1473 8213 8748
269 1737 8749
112 965 8750
1818 2362 8751
688 631 8752
107 341 8753
2835 333 8754
2577 467 8755
426 407 8756
4711 441 8757
3848 315 8758
7155 259 8759
80 467 8760
952 39 8761
367 115 8762
66 7896 8763
318 2459 8764
72 3876 8765
286 4021 8766
470 378 8767
8767 1098 8768
374 1757 8769
4156 260 8770
526 1757 8771
7906 89 8772
8412 4055 8773
68 339 8774
7474 4454 8775
450 985 8776
374 2585 8777
1091 277 8778
2016 4213 8779
2755 5330 8780
3025 6085 8781
2293 365 8782
8782 576 8783
73 472 8784
526 1744 8785
3488 5481 8786
1883 4767 8787
374 2754 8788
720 1981 8789
412 341 8790
118 1439 8791
8252 718 8792
2507 1439 8793
454 955 8794
2306 1328 8795
7926 572 8796
306 682 8797
358 356 8798
497 341 8799
1850 333 8800
293 4813 8801
590 1423 8802
267 3415 8803
443 3021 8804
112 455 8805
291 654 8806
707 121 8807
914 1183 8808
742 441 8809
358 516 8810
99 440 8811
854 264 8812
877 814 8813
991 274 8814
973 266 8815
4818 4038 8816
1696 384 8817
767 573 8818
476 101 8819
262 332 8820
623 640 8821
3858 4065 8822
111 368 8823
3360 387 8824
1162 415 8825
1336 362 8826
7953 1307 8827
267 7261 8828
1796 300 8829
366 264 8830
2314 105 8831
58 616 8832
402 802 8833
1144 1716 8834
4254 262 8835
3883 116 8836
653 3390 8837
4980 667 8838
962 45 8839
118 386 8840
3526 575 8841
697 281 8842
115 457 8843
3856 7160 8844
1739 1104 8845
101 436 8846
493 97 8847
1313 736 8848
1480 310 8849
44 39 8850
262 331 8851
259 1568 8852
614 1610 8853
1363 105 8854
648 1894 8855
904 285 8856
480 344 8857
355 446 8858
443 318 8859
2012 2628 8860
101 326 8861
724 1178 8862
1620 100 8863
1769 687 8864
456 1127 8865
4545 3021 8866
39 1193 8867
71 453 8868
309 859 8869
631 300 8870
6811 110 8871
101 4278 8872
283 419 8873
8318 439 8874
466 535 8875
1064 1085 8876
1812 291 8877
821 466 8878
906 119 8879
285 3105 8880
402 783 8881
3170 305 8882
1081 284 8883
450 32 8884
109 363 8885
701 334 8886
2741 863 8887
1800 650 8888
836 398 8889
1221 4208 8890
101 1853 8891
574 675 8892
749 300 8893
7076 819 8894
653 338 8895
303 3278 8896
1024 271 8897
263 430 8898
600 1611 8899
1919 300 8900
4405 840 8901
261 1423 8902
1044 4381 8903
1201 522 8904
498 2393 8905
1275 520 8906
1096 291 8907
465 738 8908
1565 263 8909
847 3280 8910
844 116 8911
414 457 8912
345 3038 8913
1296 687 8914
466 321 8915
1225 421 8916
504 1051 8917
507 117 8918
352 889 8919
482 2533 8920
379 331 8921
319 329 8922
346 1042 8923
121 394 8924
1076 314 8925
681 429 8926
102 1575 8927
2076 1765 8928
433 503 8929
288 2826 8930
1798 291 8931
352 1170 8932
257 1525 8933
383 408 8934
433 65 8935
358 1797 8936
33 310 8937
433 70 8938
603 297 8939
905 407 8940
1188 304 8941
699 459 8942
98 528 8943
63 431 8944
79 342 8945
552 438 8946
352 695 8947
353 629 8948
329 305 8949
2339 117 8950
1743 263 8951
288 1527 8952
400 532 8953
359 874 8954
267 369 8955
374 2321 8956
358 359 8957
269 4896 8958
761 108 8959
1194 276 8960
7455 554 8961
308 1961 8962
1292 268 8963
577 72 8964
352 70 8965
4950 371 8966
844 6106 8967
99 3808 8968
2965 412 8969
1164 260 8970
99 539 8971
339 409 8972
1089 300 8973
80 322 8974
506 45 8975
418 263 8976
68 389 8977
1220 7462 8978
6001 6653 8979
2698 404 8980
65 8593 8981
70 4652 8982
2716 1593 8983
5365 453 8984
325 471 8985
589 4961 8986
778 3049 8987
765 272 8988
79 556 8989
5308 266 8990
2906 1522 8991
286 3877 8992
286 4803 8993
86 808 8994
77 4188 8995
938 3772 8996
82 912 8997
8997 1813 8998
526 1758 8999
7764 4218 9000
80 7591 9001
1458 347 9002
6267 6360 9003
4427 4717 9004
85 32 9005
112 1823 9006
7771 435 9007
108 582 9008
476 45 9009
1692 582 9010
671 1683 9011
306 274 9012
1182 393 9013
1034 45 9014
319 289 9015
425 371 9016
590 690 9017
309 8814 9018
345 973 9019
599 329 9020
400 1513 9021
1499 290 9022
3834 262 9023
1803 678 9024
115 1088 9025
97 441 9026
341 708 9027
1164 116 9028
100 3826 9029
1151 308 9030
400 321 9031
1487 295 9032
1313 1616 9033
1118 2281 9034
110 317 9035
1802 694 9036
1888 285 9037
2240 990 9038
5133 428 9039
3570 5204 9040
117 667 9041
578 264 9042
2912 358 9043
393 108 9044
1908 337 9045
696 314 9046
458 2362 9047
539 384 9048
119 921 9049
102 2475 9050
261 1951 9051
105 1482 9052
466 300 9053
604 419 9054
1497 106 9055
878 1469 9056
3235 341 9057
1168 341 9058
1349 2987 9059
557 4395 9060
1925 457 9061
259 310 9062
745 300 9063
8304 49 9064
7657 1316 9065
434 2382 9066
459 2239 9067
102 1085 9068
98 1707 9069
115 347 9070
2894 616 9071
481 355 9072
433 828 9073
115 110 9074
261 284 9075
2592 32 9076
1118 100 9077
359 1571 9078
301 355 9079
7830 1435 9080
367 598 9081
607 263 9082
474 575 9083
2237 4691 9084
261 2412 9085
791 704 9086
969 314 9087
955 2682 9088
291 1881 9089
393 368 9090
430 641 9091
3447 333 9092
278 2026 9093
3040 908 9094
4448 291 9095
303 305 9096
309 1037 9097
2594 701 9098
1633 262 9099
330 642 9100
1465 332 9101
309 487 9102
743 730 9103
285 2655 9104
329 353 9105
302 1938 9106
951 342 9107
6050 373 9108
1008 263 9109
301 704 9110
307 282 9111
548 977 9112
103 525 9113
77 274 9114
4116 108 9115
267 97 9116
5776 304 9117
267 8037 9118
318 2699 9119
614 1410 9120
98 1134 9121
80 342 9122
415 284 9123
98 1072 9124
627 331 9125
649 374 9126
326 498 9127
496 1555 9128
416 319 9129
67 121 9130
288 2073 9131
774 261 9132
308 4837 9133
115 3250 9134
393 3637 9135
394 565 9136
261 68 9137
322 353 9138
3069 282 9139
332 497 9140
403 441 9141
360 411 9142
359 4499 9143
268 598 9144
829 82 9145
913 4337 9146
1559 457 9147
109 2354 9148
2916 257 9149
293 1157 9150
545 1741 9151
352 661 9152
1244 2420 9153
111 433 9154
1092 830 9155
105 592 9156
482 350 9157
2386 2257 9158
402 1312 9159
280 3095 9160
349 259 9161
104 1006 9162
393 1488 9163
84 539 9164
764 660 9165
6546 4606 9166
85 76 9167
1728 2569 9168
3275 3787 9169
631 308 9170
115 895 9171
823 310 9172
87 470 9173
770 331 9174
4411 807 9175
1535 79 9176
1147 7463 9177
2529 301 9178
4475 319 9179
76 277 9180
385 6866 9181
1358 6261 9182
1526 1713 9183
286 5477 9184
3974 1751 9185
3974 777 9186
7594 8078 9187
73 402 9188
374 2659 9189
829 4652 9190
7471 3383 9191
3974 813 9192
8030 517 9193
67 524 9194
8422 368 9195
1091 4723 9196
80 557 9197
1535 4964 9198
80 2943 9199
8998 79 9200
938 4472 9201
8084 5483 9202
286 4807 9203
1079 39 9204
1458 4242 9205
77 105 9206
443 1904 9207
327 284 9208
301 267 9209
83 266 9210
675 334 9211
119 6092 9212
6180 336 9213
1822 2996 9214
347 1699 9215
553 1190 9216
121 271 9217
2300 1017 9218
639 334 9219
633 291 9220
845 6777 9221
504 1200 9222
274 3633 9223
334 868 9224
1637 308 9225
1735 678 9226
393 1620 9227
724 1199 9228
714 423 9229
815 282 9230
934 608 9231
99 2825 9232
1244 115 9233
263 1269 9234
1780 314 9235
2874 384 9236
1089 332 9237
3330 291 9238
458 333 9239
345 2467 9240
323 902 9241
302 676 9242
1648 975 9243
3467 371 9244
345 369 9245
263 281 9246
103 467 9247
399 976 9248
424 290 9249
653 3157 9250
5508 1033 9251
6034 499 9252
1591 845 9253
2577 3174 9254
1562 2552 9255
935 356 9256
2611 112 9257
8256 414 9258
499 1459 9259
287 990 9260
535 340 9261
1619 457 9262
4781 277 9263
988 3606 9264
77 719 9265
2674 1090 9266
1329 300 9267
3067 1067 9268
338 2779 9269
651 498 9270
98 311 9271
550 73 9272
1448 281 9273
367 373 9274
493 2547 9275
99 2358 9276
2654 282 9277
326 291 9278
955 779 9279
538 838 9280
112 335 9281
3880 261 9282
269 2742 9283
380 779 9284
1621 569 9285
359 2274 9286
3265 1823 9287
355 591 9288
760 704 9289
355 443 9290
356 291 9291
97 4727 9292
560 917 9293
359 617 9294
570 640 9295
5348 327 9296
601 788 9297
473 541 9298
1076 284 9299
102 2589 9300
289 637 9301
468 3431 9302
915 3599 9303
263 788 9304
357 112 9305
383 594 9306
7023 652 9307
3587 701 9308
102 2258 9309
615 755 9310
620 117 9311
7075 392 9312
304 300 9313
71 274 9314
287 394 9315
799 332 9316
4885 572 9317
3209 1793 9318
789 2290 9319
352 1317 9320
1244 1606 9321
1451 1009 9322
1022 2025 9323
7308 6718 9324
4702 640 9325
831 308 9326
326 1233 9327
1419 3723 9328
1176 381 9329
307 2509 9330
344 434 9331
454 1632 9332
776 557 9333
689 261 9334
280 755 9335
356 641 9336
1501 2661 9337
72 819 9338
1896 735 9339
1310 701 9340
3580 272 9341
7863 8031 9342
458 609 9343
1595 373 9344
287 1458 9345
3995 387 9346
303 414 9347
508 3496 9348
332 916 9349
45 394 9350
5801 259 9351
886 353 9352
980 379 9353
1804 310 9354
1054 369 9355
598 407 9356
552 4140 9357
121 560 9358
288 1003 9359
3059 1190 9360
2686 440 9361
279 261 9362
282 433 9363
588 274 9364
371 284 9365
116 433 9366
2306 264 9367
1338 262 9368
312 398 9369
856 463 9370
508 101 9371
67 280 9372
1515 97 9373
2039 296 9374
1326 446 9375
423 1014 9376
399 108 9377
859 115 9378
448 284 9379
108 266 9380
4557 620 9381
1559 263 9382
750 119 9383
302 626 9384
291 1331 9385
291 2624 9386
39 309 9387
4020 391 9388
2001 1043 9389
7741 4138 9390
1648 779 9391
311 571 9392
278 1042 9393
1582 347 9394
335 531 9395
760 441 9396
537 655 9397
318 1528 9398
283 288 9399
2559 632 9400
285 1298 9401
263 66 9402
2991 1180 9403
272 610 9404
4268 101 9405
703 1119 9406
5986 1363 9407
45 426 9408
307 1121 9409
6259 266 9410
9180 4285 9411
891 309 9412
1737 83 9413
4611 1736 9414
77 5060 9415
70 389 9416
2035 1443 9417
66 3654 9418
85 1678 9419
3909 350 9420
325 3451 9421
577 365 9422
7219 414 9423
3167 273 9424
3109 275 9425
286 3356 9426
3674 8605 9427
83 4964 9428
286 4389 9429
3355 785 9430
4431 7913 9431
683 274 9432
73 5481 9433
1025 5716 9434
6362 3418 9435
65 4767 9436
77 3914 9437
374 5314 9438
408 379 9439
283 511 9440
472 412 9441
653 7490 9442
3116 32 9443
271 407 9444
5379 101 9445
519 575 9446
115 649 9447
534 356 9448
2276 412 9449
104 673 9450
429 434 9451
1487 572 9452
2756 258 9453
267 1640 9454
1937 457 9455
338 532 9456
1686 369 9457
267 1071 9458
332 738 9459
3637 262 9460
1160 369 9461
542 4223 9462
295 727 9463
1807 258 9464
259 966 9465
7506 267 9466
1151 331 9467
513 1190 9468
614 313 9469
278 950 9470
738 669 9471
421 283 9472
1497 311 9473
383 359 9474
925 4410 9475
557 264 9476
105 1369 9477
314 781 9478
504 278 9479
1687 101 9480
2654 268 9481
3549 1076 9482
362 305 9483
33 431 9484
5510 32 9485
8618 309 9486
1340 640 9487
2766 464 9488
3641 1067 9489
2553 7149 9490
1569 107 9491
1333 1090 9492
736 261 9493
119 451 9494
414 441 9495
100 2018 9496
100 339 9497
689 826 9498
857 967 9499
1041 333 9500
455 579 9501
1898 333 9502
8139 9064 9503
277 326 9504
1107 1486 9505
5341 1960 9506
288 1709 9507
847 276 9508
1214 1074 9509
352 1652 9510
289 118 9511
2005 464 9512
308 1332 9513
99 362 9514
319 1994 9515
89 662 9516
275 381 9517
1539 100 9518
379 334 9519
1118 108 9520
1149 5042 9521
2484 1815 9522
774 426 9523
915 5756 9524
6407 1153 9525
6948 1134 9526
1734 484 9527
288 2488 9528
8155 380 9529
9529 535 9530
745 522 9531
109 263 9532
267 1051 9533
293 1369 9534
339 2267 9535
2782 1223 9536
101 118 9537
425 598 9538
594 358 9539
6390 694 9540
6310 704 9541
909 783 9542
300 1560 9543
362 3739 9544
489 430 9545
855 895 9546
462 337 9547
4234 300 9548
978 430 9549
1225 379 9550
2675 790 9551
2606 5293 9552
697 314 9553
3308 2765 9554
2944 640 9555
1504 1512 9556
1075 121 9557
1956 310 9558
693 2296 9559
346 2026 9560
109 295 9561
521 45 9562
635 2668 9563
360 729 9564
490 327 9565
745 334 9566
909 802 9567
408 430 9568
743 1051 9569
698 1146 9570
1783 270 9571
1018 341 9572
46 763 9573
71 3044 9574
3031 775 9575
1973 3412 9576
5409 3331 9577
1148 263 9578
3298 7316 9579
1207 457 9580
1920 300 9581
2261 801 9582
328 370 9583
763 661 9584
417 755 9585
261 2254 9586
1537 310 9587
468 1140 9588
100 2492 9589
498 3966 9590
444 356 9591
534 698 9592
2760 1849 9593
318 2503 9594
530 116 9595
915 6737 9596
896 331 9597
1006 845 9598
375 1417 9599
462 284 9600
642 463 9601
91 3653 9602
1023 6069 9603
115 3279 9604
456 2255 9605
469 331 9606
4083 830 9607
492 3810 9608
2799 263 9609
119 2324 9610
259 728 9611
633 300 9612
654 2809 9613
2677 687 9614
1748 338 9615
543 3247 9616
915 5249 9617
692 324 9618
1207 2379 9619
418 373 9620
1362 270 9621
555 869 9622
318 91 9623
346 3495 9624
314 540 9625
1240 281 9626
4512 1614 9627
69 4512 9628
295 288 9629
1344 360 9630
1205 1318 9631
1291 499 9632
2044 2523 9633
1325 404 9634
1641 326 9635
344 291 9636
1371 313 9637
1634 3523 9638
2365 308 9639
344 540 9640
293 409 9641
490 2973 9642
115 1183 9643
758 261 9644
400 2842 9645
2841 296 9646
4422 1066 9647
1675 291 9648
416 406 9649
799 291 9650
2468 1301 9651
314 476 9652
303 371 9653
1045 1015 9654
834 538 9655
577 4609 9656
1205 4996 9657
560 1131 9658
423 115 9659
288 1597 9660
443 4770 9661
462 1131 9662
286 2256 9663
1414 7336 9664
1314 314 9665
526 2410 9666
8591 372 9667
80 2992 9668
292 906 9669
67 966 9670
1662 372 9671
679 4904 9672
374 1821 9673
88 2017 9674
7468 953 9675
83 879 9676
6450 817 9677
491 376 9678
9678 389 9679
80 440 9680
7918 871 9681
1883 108 9682
9682 98 9683
938 6005 9684
77 863 9685
9195 380 9686
1287 390 9687
79 7912 9688
2703 6542 9689
286 5648 9690
374 3227 9691
6271 5012 9692
66 4392 9693
286 4963 9694
84 4885 9695
350 4112 9696
1025 3914 9697
1883 5651 9698
349 459 9699
311 327 9700
1079 66 9701
3005 527 9702
2051 1390 9703
278 4244 9704
2019 439 9705
2299 441 9706
905 503 9707
274 3020 9708
749 535 9709
259 1359 9710
427 575 9711
109 296 9712
287 3922 9713
1016 317 9714
302 284 9715
344 283 9716
402 740 9717
277 727 9718
1110 336 9719
585 101 9720
519 298 9721
467 1073 9722
476 754 9723
102 456 9724
659 107 9725
1075 99 9726
415 411 9727
299 705 9728
382 1228 9729
109 3572 9730
498 5432 9731
309 275 9732
925 2734 9733
332 341 9734
3548 6112 9735
330 423 9736
1710 284 9737
299 966 9738
839 3756 9739
280 7954 9740
513 779 9741
1501 277 9742
263 494 9743
1986 404 9744
5389 2591 9745
446 370 9746
1522 1035 9747
847 559 9748
283 902 9749
4818 2965 9750
1766 270 9751
338 499 9752
104 445 9753
539 103 9754
1412 972 9755
6926 5571 9756
935 488 9757
461 398 9758
274 2281 9759
319 339 9760
98 294 9761
1694 358 9762
1162 314 9763
8486 260 9764
101 404 9765
1845 310 9766
6377 592 9767
995 331 9768
610 4482 9769
464 45 9770
2966 116 9771
1106 460 9772
5683 1050 9773
6132 266 9774
75 888 9775
116 802 9776
4133 1238 9777
77 268 9778
39 65 9779
4014 316 9780
5033 338 9781
2308 501 9782
318 712 9783
1154 326 9784
288 712 9785
334 617 9786
548 1465 9787
115 59 9788
2988 310 9789
309 5811 9790
670 895 9791
302 436 9792
1087 1443 9793
1132 6408 9794
739 733 9795
1586 284 9796
285 1055 9797
629 843 9798
1897 4941 9799
295 457 9800
586 983 9801
1723 8884 9802
3060 593 9803
317 5753 9804
2536 600 9805
287 4708 9806
1864 1403 9807
2541 477 9808
4129 371 9809
652 438 9810
285 2837 9811
1473 4638 9812
421 334 9813
341 1495 9814
318 759 9815
988 409 9816
1086 525 9817
477 2465 9818
259 397 9819
422 326 9820
4300 398 9821
847 120 9822
307 616 9823
1728 3270 9824
262 430 9825
943 598 9826
2297 121 9827
288 1374 9828
3348 294 9829
2308 1599 9830
3840 457 9831
1378 2461 9832
4540 282 9833
393 1075 9834
2295 532 9835
458 6509 9836
6731 975 9837
4785 3279 9838
972 298 9839
3149 5707 9840
569 284 9841
465 838 9842
5928 3590 9843
3224 8367 9844
79 7440 9845
1011 1588 9846
277 438 9847
6832 500 9848
443 709 9849
2559 313 9850
336 1049 9851
1851 348 9852
926 704 9853
80 1194 9854
4475 1600 9855
684 263 9856
1948 571 9857
299 814 9858
462 869 9859
7723 1532 9860
2694 310 9861
109 282 9862
298 2333 9863
6433 780 9864
4451 457 9865
346 1435 9866
522 476 9867
758 270 9868
776 105 9869
568 3349 9870
7861 372 9871
455 263 9872
537 313 9873
83 618 9874
546 112 9875
717 263 9876
812 284 9877
1359 310 9878
764 373 9879
791 691 9880
2039 282 9881
686 674 9882
118 321 9883
3905 5546 9884
105 575 9885
4752 1213 9886
462 2266 9887
1016 258 9888
4955 270 9889
114 598 9890
281 1218 9891
423 277 9892
5133 110 9893
884 350 9894
9894 1411 9895
5698 3590 9896
4468 100 9897
105 406 9898
259 1938 9899
302 777 9900
480 363 9901
300 678 9902
5154 387 9903
114 967 9904
344 1637 9905
1655 1751 9906
415 790 9907
110 543 9908
1808 421 9909
116 612 9910
6425 694 9911
4748 270 9912
588 348 9913
2511 528 9914
67 2597 9915
4428 522 9916
307 263 9917
1825 481 9918
942 333 9919
760 6067 9920
67 111 9921
1569 1569 9922
105 370 9923
261 82 9924
502 5221 9925
2239 353 9926
8971 116 9927
508 3626 9928
9928 73 9929
7226 111 9930
121 114 9931
79 340 9932
318 3165 9933
115 1175 9934
1043 435 9935
6532 264 9936
9178 8071 9937
111 2551 9938
80 6865 9939
73 7104 9940
2300 1129 9941
1609 527 9942
2406 32 9943
1737 70 9944
6164 1736 9945
683 3305 9946
286 3203 9947
4390 369 9948
6167 7116 9949
577 5363 9950
5365 521 9951
1284 67 9952
938 5643 9953
3111 2972 9954
78 1698 9955
9955 365 9956
9956 3771 9957
3480 576 9958
3395 972 9959
7121 509 9960
2876 103 9961
3111 2454 9962
3669 9002 9963
8994 3749 9964
3110 5483 9965
794 77 9966
67 2727 9967
65 5190 9968
2703 9696 9969
938 5186 9970
3486 1180 9971
894 1101 9972
115 463 9973
272 360 9974
725 373 9975
449 3776 9976
345 4356 9977
623 984 9978
883 308 9979
659 2977 9980
103 909 9981
347 309 9982
45 8445 9983
259 309 9984
2363 777 9985
318 1592 9986
612 353 9987
2438 336 9988
5804 310 9989
318 752 9990
122 1781 9991
3639 575 9992
1630 464 9993
903 1822 9994
312 383 9995
278 1152 9996
1060 284 9997
118 571 9998
5201 102 9999
746 687 10000
553 1890 10001
3950 1109 10002
1199 9232 10003
267 990 10004
513 464 10005
263 516 10006
1484 434 10007
791 393 10008
1428 101 10009
100 832 10010
568 3549 10011
449 321 10012
557 4861 10013
1125 419 10014
2621 270 10015
3372 300 10016
6179 694 10017
788 300 10018
118 373 10019
469 459 10020
1089 688 10021
262 408 10022
709 274 10023
353 434 10024
102 744 10025
4317 258 10026
839 262 10027
3959 1104 10028
357 115 10029
396 264 10030
487 1259 10031
317 803 10032
356 284 10033
302 463 10034
1154 333 10035
1370 421 10036
99 1144 10037
393 3272 10038
118 527 10039
1440 282 10040
464 116 10041
2555 116 10042
489 729 10043
325 103 10044
1102 383 10045
2619 261 10046
6089 4101 10047
1244 4853 10048
2858 336 10049
115 317 10050
540 1171 10051
117 1482 10052
331 434 10053
117 706 10054
3119 798 10055
279 853 10056
63 39 10057
366 598 10058
1630 742 10059
430 423 10060
2938 719 10061
318 1527 10062
592 1773 10063
433 698 10064
291 1038 10065
816 310 10066
101 351 10067
77 1629 10068
1496 5074 10069
568 307 10070
332 602 10071
1980 263 10072
1636 531 10073
698 308 10074
523 7420 10075
526 607 10076
105 340 10077
288 2403 10078
4133 354 10079
33 419 10080
1463 1042 10081
1138 525 10082
1367 308 10083
307 4571 10084
1899 336 10085
546 485 10086
1324 282 10087
916 359 10088
352 284 10089
3716 701 10090
345 578 10091
1112 1734 10092
319 947 10093
109 5532 10094
1852 99 10095
465 2837 10096
1018 1111 10097
355 312 10098
1187 1991 10099
314 599 10100
4334 116 10101
347 2824 10102
862 319 10103
526 1525 10104
1782 102 10105
119 391 10106
374 1729 10107
115 703 10108
487 110 10109
99 524 10110
103 3445 10111
1594 1266 10112
112 282 10113
746 115 10114
7437 1140 10115
1900 616 10116
1086 632 10117
403 1854 10118
293 733 10119
394 1318 10120
34 426 10121
433 337 10122
1037 1291 10123
1025 2054 10124
1386 348 10125
2566 1599 10126
288 2497 10127
620 5692 10128
115 1069 10129
1732 256 10130
890 801 10131
1451 270 10132
121 313 10133
1024 257 10134
2302 281 10135
1941 311 10136
291 1310 10137
763 65 10138
650 1041 10139
751 434 10140
8819 545 10141
1818 353 10142
288 759 10143
463 360 10144
4264 332 10145
481 374 10146
462 2866 10147
274 403 10148
1877 263 10149
382 632 10150
2797 310 10151
724 570 10152
654 267 10153
68 378 10154
271 1764 10155
1773 377 10156
374 3125 10157
543 644 10158
3123 263 10159
330 637 10160
646 1020 10161
2383 919 10162
286 5782 10163
289 305 10164
1359 1563 10165
101 719 10166
913 5524 10167
586 629 10168
836 308 10169
5077 327 10170
275 330 10171
3301 701 10172
1621 300 10173
272 260 10174
377 457 10175
269 60 10176
4900 3046 10177
2299 294 10178
5089 305 10179
809 2805 10180
858 314 10181
812 300 10182
72 350 10183
69 1879 10184
1810 311 10185
1728 3721 10186
421 488 10187
4466 2569 10188
2219 259 10189
3639 100 10190
764 322 10191
1123 7747 10192
73 513 10193
3038 45 10194
98 335 10195
515 4539 10196
1450 321 10197
84 390 10198
1644 1582 10199
10199 9927 10200
10200 122 10201
93 1079 10202
1738 639 10203
86 105 10204
277 687 10205
1087 301 10206
7897 1538 10207
374 2451 10208
564 2445 10209
10209 1406 10210
1147 389 10211
470 3489 10212
4802 341 10213
87 4345 10214
1506 2584 10215
2871 1862 10216
2275 6932 10217
9194 657 10218
4152 1001 10219
752 369 10220
9680 275 10221
5419 97 10222
829 8237 10223
5367 97 10224
2876 277 10225
1048 414 10226
2034 7238 10227
2867 1729 10228
286 4521 10229
362 934 10230
4654 353 10231
1967 3914 10232
2103 311 10233
1430 314 10234
566 985 10235
647 377 10236
1935 45 10237
1974 294 10238
370 499 10239
816 409 10240
121 590 10241
568 1050 10242
1314 341 10243
821 285 10244
403 276 10245
1567 1774 10246
1056 262 10247
334 697 10248
820 327 10249
3263 291 10250
2791 415 10251
1089 285 10252
4279 1894 10253
5128 3023 10254
2297 3113 10255
